payment_year,hcpcs_cpt_code,included_flag
2023,G0071,yes
2023,G0129,yes
2023,G0151,yes
2023,G0152,yes
2023,G0153,yes
2023,G0155,yes
2023,G0159,yes
2023,G0160,yes
2023,G0161,yes
2023,G0186,yes
2023,G0245,yes
2023,G0246,yes
2023,G0248,yes
2023,G0249,yes
2023,G0250,yes
2023,G0257,yes
2023,G0259,yes
2023,G0260,yes
2023,G0268,yes
2023,G0276,yes
2023,G0339,yes
2023,G0340,yes
2023,G0341,yes
2023,G0342,yes
2023,G0343,yes
2023,G0378,yes
2023,G0379,yes
2023,G0380,yes
2023,G0381,yes
2023,G0382,yes
2023,G0383,yes
2023,G0384,yes
2023,G0396,yes
2023,G0397,yes
2023,G0402,yes
2023,G0406,yes
2023,G0407,yes
2023,G0408,yes
2023,G0409,yes
2023,G0412,yes
2023,G0413,yes
2023,G0414,yes
2023,G0415,yes
2023,G0425,yes
2023,G0426,yes
2023,G0427,yes
2023,G0428,yes
2023,G0429,yes
2023,G0438,yes
2023,G0439,yes
2023,G0443,yes
2023,G0446,yes
2023,G0447,yes
2023,G0448,yes
2023,G0455,yes
2023,G0459,yes
2023,G0460,yes
2023,G0463,yes
2023,G0465,yes
2023,G0466,yes
2023,G0467,yes
2023,G0468,yes
2023,G0469,yes
2023,G0470,yes
2023,G0473,yes
2023,G0491,yes
2023,G0492,yes
2023,G0498,yes
2023,G0508,yes
2023,G0509,yes
2023,G0511,yes
2023,G0512,yes
2023,G0516,yes
2023,G0517,yes
2023,G0518,yes
2023,G2000,yes
2023,G2010,yes
2023,G2011,yes
2023,G2012,yes
2023,G2025,yes
2023,G2068,yes
2023,G2069,yes
2023,G2070,yes
2023,G2071,yes
2023,G2072,yes
2023,G2073,yes
2023,G2074,yes
2023,G2075,yes
2023,G2082,yes
2023,G2083,yes
2023,G2086,yes
2023,G2087,yes
2023,G2214,yes
2023,G2250,yes
2023,G2251,yes
2023,G2252,yes
2023,G3002,yes
2023,H0007,yes
2023,H0008,yes
2023,H0009,yes
2023,H0010,yes
2023,H0011,yes
2023,H0012,yes
2023,H0013,yes
2023,H0014,yes
2023,H0015,yes
2023,H0016,yes
2023,H0020,yes
2023,H0050,yes
2023,H1000,yes
2023,H1001,yes
2023,H1002,yes
2023,H1003,yes
2023,H1004,yes
2023,H1005,yes
2023,H2033,yes
2023,M0075,yes
2023,M0076,yes
2023,M0100,yes
2023,M0300,yes
2023,M0301,yes
2023,S0201,yes
2023,S0220,yes
2023,S0221,yes
2023,S0265,yes
2023,S0273,yes
2023,S0274,yes
2023,S0311,yes
2023,S0353,yes
2023,S0354,yes
2023,S0390,yes
2023,S0400,yes
2023,S0610,yes
2023,S0612,yes
2023,S0613,yes
2023,S0620,yes
2023,S0621,yes
2023,S0630,yes
2023,S0800,yes
2023,S0810,yes
2023,S0812,yes
2023,S2053,yes
2023,S2054,yes
2023,S2060,yes
2023,S2065,yes
2023,S2066,yes
2023,S2067,yes
2023,S2068,yes
2023,S2070,yes
2023,S2079,yes
2023,S2080,yes
2023,S2083,yes
2023,S2095,yes
2023,S2102,yes
2023,S2103,yes
2023,S2107,yes
2023,S2115,yes
2023,S2117,yes
2023,S2118,yes
2023,S2120,yes
2023,S2150,yes
2023,S2152,yes
2023,S2202,yes
2023,S2205,yes
2023,S2206,yes
2023,S2207,yes
2023,S2208,yes
2023,S2209,yes
2023,S2225,yes
2023,S2230,yes
2023,S2235,yes
2023,S2300,yes
2023,S2325,yes
2023,S2340,yes
2023,S2341,yes
2023,S2342,yes
2023,S2348,yes
2023,S2350,yes
2023,S2400,yes
2023,S2401,yes
2023,S2402,yes
2023,S2403,yes
2023,S2404,yes
2023,S2405,yes
2023,S2409,yes
2023,S2411,yes
2023,S3000,yes
2023,S4013,yes
2023,S4014,yes
2023,S4028,yes
2023,S4989,yes
2023,S4993,yes
2023,S9034,yes
2023,S9128,yes
2023,S9129,yes
2023,S9131,yes
2023,S9145,yes
2023,S9152,yes
2023,T1024,yes
2023,T1025,yes
2023,T1026,yes
2023,T1040,yes
2023,T1041,yes
2023,10021,yes
2023,10030,yes
2023,10040,yes
2023,10060,yes
2023,10061,yes
2023,10080,yes
2023,10081,yes
2023,10120,yes
2023,10121,yes
2023,10140,yes
2023,10160,yes
2023,10180,yes
2023,11000,yes
2023,11004,yes
2023,11005,yes
2023,11006,yes
2023,11010,yes
2023,11011,yes
2023,11012,yes
2023,11042,yes
2023,11043,yes
2023,11044,yes
2023,11055,yes
2023,11056,yes
2023,11057,yes
2023,11200,yes
2023,11300,yes
2023,11301,yes
2023,11302,yes
2023,11303,yes
2023,11305,yes
2023,11306,yes
2023,11307,yes
2023,11308,yes
2023,11310,yes
2023,11311,yes
2023,11312,yes
2023,11313,yes
2023,11400,yes
2023,11401,yes
2023,11402,yes
2023,11403,yes
2023,11404,yes
2023,11406,yes
2023,11420,yes
2023,11421,yes
2023,11422,yes
2023,11423,yes
2023,11424,yes
2023,11426,yes
2023,11440,yes
2023,11441,yes
2023,11442,yes
2023,11443,yes
2023,11444,yes
2023,11446,yes
2023,11450,yes
2023,11451,yes
2023,11462,yes
2023,11463,yes
2023,11470,yes
2023,11471,yes
2023,11600,yes
2023,11601,yes
2023,11602,yes
2023,11603,yes
2023,11604,yes
2023,11606,yes
2023,11620,yes
2023,11621,yes
2023,11622,yes
2023,11623,yes
2023,11624,yes
2023,11626,yes
2023,11640,yes
2023,11641,yes
2023,11642,yes
2023,11643,yes
2023,11644,yes
2023,11646,yes
2023,11719,yes
2023,11720,yes
2023,11721,yes
2023,11730,yes
2023,11740,yes
2023,11750,yes
2023,11760,yes
2023,11762,yes
2023,11765,yes
2023,11770,yes
2023,11771,yes
2023,11772,yes
2023,11900,yes
2023,11901,yes
2023,11920,yes
2023,11921,yes
2023,11950,yes
2023,11951,yes
2023,11952,yes
2023,11954,yes
2023,11960,yes
2023,11970,yes
2023,11971,yes
2023,11976,yes
2023,11980,yes
2023,11981,yes
2023,11982,yes
2023,11983,yes
2023,12001,yes
2023,12002,yes
2023,12004,yes
2023,12005,yes
2023,12006,yes
2023,12007,yes
2023,12011,yes
2023,12013,yes
2023,12014,yes
2023,12015,yes
2023,12016,yes
2023,12017,yes
2023,12018,yes
2023,12020,yes
2023,12021,yes
2023,12031,yes
2023,12032,yes
2023,12034,yes
2023,12035,yes
2023,12036,yes
2023,12037,yes
2023,12041,yes
2023,12042,yes
2023,12044,yes
2023,12045,yes
2023,12046,yes
2023,12047,yes
2023,12051,yes
2023,12052,yes
2023,12053,yes
2023,12054,yes
2023,12055,yes
2023,12056,yes
2023,12057,yes
2023,13100,yes
2023,13101,yes
2023,13120,yes
2023,13121,yes
2023,13131,yes
2023,13132,yes
2023,13151,yes
2023,13152,yes
2023,13160,yes
2023,14000,yes
2023,14001,yes
2023,14020,yes
2023,14021,yes
2023,14040,yes
2023,14041,yes
2023,14060,yes
2023,14061,yes
2023,14301,yes
2023,14350,yes
2023,15040,yes
2023,15050,yes
2023,15100,yes
2023,15110,yes
2023,15115,yes
2023,15120,yes
2023,15130,yes
2023,15135,yes
2023,15150,yes
2023,15155,yes
2023,15200,yes
2023,15220,yes
2023,15240,yes
2023,15260,yes
2023,15271,yes
2023,15273,yes
2023,15275,yes
2023,15277,yes
2023,15570,yes
2023,15572,yes
2023,15574,yes
2023,15576,yes
2023,15600,yes
2023,15610,yes
2023,15620,yes
2023,15630,yes
2023,15650,yes
2023,15730,yes
2023,15731,yes
2023,15733,yes
2023,15734,yes
2023,15736,yes
2023,15738,yes
2023,15740,yes
2023,15750,yes
2023,15756,yes
2023,15757,yes
2023,15758,yes
2023,15760,yes
2023,15769,yes
2023,15770,yes
2023,15771,yes
2023,15773,yes
2023,15775,yes
2023,15776,yes
2023,15778,yes
2023,15780,yes
2023,15781,yes
2023,15782,yes
2023,15783,yes
2023,15786,yes
2023,15788,yes
2023,15789,yes
2023,15792,yes
2023,15793,yes
2023,15819,yes
2023,15820,yes
2023,15821,yes
2023,15822,yes
2023,15823,yes
2023,15824,yes
2023,15825,yes
2023,15826,yes
2023,15828,yes
2023,15829,yes
2023,15830,yes
2023,15832,yes
2023,15833,yes
2023,15834,yes
2023,15835,yes
2023,15836,yes
2023,15837,yes
2023,15838,yes
2023,15839,yes
2023,15840,yes
2023,15841,yes
2023,15842,yes
2023,15845,yes
2023,15852,yes
2023,15860,yes
2023,15876,yes
2023,15877,yes
2023,15878,yes
2023,15879,yes
2023,15920,yes
2023,15922,yes
2023,15931,yes
2023,15933,yes
2023,15934,yes
2023,15935,yes
2023,15936,yes
2023,15937,yes
2023,15940,yes
2023,15941,yes
2023,15944,yes
2023,15945,yes
2023,15946,yes
2023,15950,yes
2023,15951,yes
2023,15952,yes
2023,15953,yes
2023,15956,yes
2023,15958,yes
2023,15999,yes
2023,16000,yes
2023,16020,yes
2023,16025,yes
2023,16030,yes
2023,16035,yes
2023,17000,yes
2023,17004,yes
2023,17106,yes
2023,17107,yes
2023,17108,yes
2023,17110,yes
2023,17111,yes
2023,17250,yes
2023,17260,yes
2023,17261,yes
2023,17262,yes
2023,17263,yes
2023,17264,yes
2023,17266,yes
2023,17270,yes
2023,17271,yes
2023,17272,yes
2023,17273,yes
2023,17274,yes
2023,17276,yes
2023,17280,yes
2023,17281,yes
2023,17282,yes
2023,17283,yes
2023,17284,yes
2023,17286,yes
2023,17311,yes
2023,17313,yes
2023,17340,yes
2023,17360,yes
2023,17380,yes
2023,17999,yes
2023,19000,yes
2023,19020,yes
2023,19105,yes
2023,19110,yes
2023,19112,yes
2023,19120,yes
2023,19125,yes
2023,19296,yes
2023,19298,yes
2023,19300,yes
2023,19301,yes
2023,19302,yes
2023,19303,yes
2023,19305,yes
2023,19306,yes
2023,19307,yes
2023,19316,yes
2023,19318,yes
2023,19325,yes
2023,19328,yes
2023,19330,yes
2023,19340,yes
2023,19342,yes
2023,19350,yes
2023,19355,yes
2023,19357,yes
2023,19361,yes
2023,19364,yes
2023,19367,yes
2023,19368,yes
2023,19369,yes
2023,19370,yes
2023,19371,yes
2023,19380,yes
2023,19396,yes
2023,19499,yes
2023,20100,yes
2023,20101,yes
2023,20102,yes
2023,20103,yes
2023,20150,yes
2023,20500,yes
2023,20520,yes
2023,20525,yes
2023,20526,yes
2023,20527,yes
2023,20550,yes
2023,20551,yes
2023,20552,yes
2023,20553,yes
2023,20555,yes
2023,20560,yes
2023,20561,yes
2023,20600,yes
2023,20604,yes
2023,20605,yes
2023,20606,yes
2023,20610,yes
2023,20611,yes
2023,20612,yes
2023,20615,yes
2023,20650,yes
2023,20660,yes
2023,20661,yes
2023,20662,yes
2023,20663,yes
2023,20664,yes
2023,20665,yes
2023,20670,yes
2023,20680,yes
2023,20690,yes
2023,20692,yes
2023,20693,yes
2023,20694,yes
2023,20696,yes
2023,20697,yes
2023,20802,yes
2023,20805,yes
2023,20808,yes
2023,20816,yes
2023,20822,yes
2023,20824,yes
2023,20827,yes
2023,20838,yes
2023,20910,yes
2023,20912,yes
2023,20920,yes
2023,20922,yes
2023,20924,yes
2023,20950,yes
2023,20955,yes
2023,20956,yes
2023,20957,yes
2023,20962,yes
2023,20969,yes
2023,20970,yes
2023,20972,yes
2023,20973,yes
2023,20974,yes
2023,20975,yes
2023,20979,yes
2023,20982,yes
2023,20983,yes
2023,20999,yes
2023,21010,yes
2023,21011,yes
2023,21012,yes
2023,21013,yes
2023,21014,yes
2023,21015,yes
2023,21016,yes
2023,21025,yes
2023,21026,yes
2023,21029,yes
2023,21030,yes
2023,21031,yes
2023,21032,yes
2023,21034,yes
2023,21040,yes
2023,21044,yes
2023,21045,yes
2023,21046,yes
2023,21047,yes
2023,21048,yes
2023,21049,yes
2023,21050,yes
2023,21060,yes
2023,21070,yes
2023,21073,yes
2023,21076,yes
2023,21077,yes
2023,21079,yes
2023,21080,yes
2023,21081,yes
2023,21082,yes
2023,21083,yes
2023,21084,yes
2023,21085,yes
2023,21086,yes
2023,21087,yes
2023,21088,yes
2023,21089,yes
2023,21100,yes
2023,21110,yes
2023,21120,yes
2023,21121,yes
2023,21122,yes
2023,21123,yes
2023,21125,yes
2023,21127,yes
2023,21137,yes
2023,21138,yes
2023,21139,yes
2023,21141,yes
2023,21142,yes
2023,21143,yes
2023,21145,yes
2023,21146,yes
2023,21147,yes
2023,21150,yes
2023,21151,yes
2023,21154,yes
2023,21155,yes
2023,21159,yes
2023,21160,yes
2023,21172,yes
2023,21175,yes
2023,21179,yes
2023,21180,yes
2023,21181,yes
2023,21182,yes
2023,21183,yes
2023,21184,yes
2023,21188,yes
2023,21193,yes
2023,21194,yes
2023,21195,yes
2023,21196,yes
2023,21198,yes
2023,21199,yes
2023,21206,yes
2023,21208,yes
2023,21209,yes
2023,21210,yes
2023,21215,yes
2023,21235,yes
2023,21240,yes
2023,21242,yes
2023,21243,yes
2023,21244,yes
2023,21245,yes
2023,21246,yes
2023,21247,yes
2023,21248,yes
2023,21249,yes
2023,21255,yes
2023,21256,yes
2023,21260,yes
2023,21261,yes
2023,21263,yes
2023,21267,yes
2023,21268,yes
2023,21270,yes
2023,21275,yes
2023,21280,yes
2023,21282,yes
2023,21295,yes
2023,21296,yes
2023,21299,yes
2023,21315,yes
2023,21320,yes
2023,21325,yes
2023,21330,yes
2023,21335,yes
2023,21336,yes
2023,21337,yes
2023,21338,yes
2023,21339,yes
2023,21340,yes
2023,21343,yes
2023,21344,yes
2023,21345,yes
2023,21346,yes
2023,21347,yes
2023,21348,yes
2023,21355,yes
2023,21356,yes
2023,21360,yes
2023,21365,yes
2023,21366,yes
2023,21385,yes
2023,21386,yes
2023,21387,yes
2023,21390,yes
2023,21395,yes
2023,21400,yes
2023,21401,yes
2023,21406,yes
2023,21407,yes
2023,21408,yes
2023,21421,yes
2023,21422,yes
2023,21423,yes
2023,21431,yes
2023,21432,yes
2023,21433,yes
2023,21435,yes
2023,21436,yes
2023,21440,yes
2023,21445,yes
2023,21450,yes
2023,21451,yes
2023,21452,yes
2023,21453,yes
2023,21454,yes
2023,21461,yes
2023,21462,yes
2023,21465,yes
2023,21470,yes
2023,21480,yes
2023,21485,yes
2023,21490,yes
2023,21497,yes
2023,21499,yes
2023,21501,yes
2023,21502,yes
2023,21510,yes
2023,21552,yes
2023,21554,yes
2023,21555,yes
2023,21556,yes
2023,21557,yes
2023,21558,yes
2023,21600,yes
2023,21601,yes
2023,21602,yes
2023,21603,yes
2023,21610,yes
2023,21615,yes
2023,21616,yes
2023,21620,yes
2023,21627,yes
2023,21630,yes
2023,21632,yes
2023,21685,yes
2023,21700,yes
2023,21705,yes
2023,21720,yes
2023,21725,yes
2023,21740,yes
2023,21742,yes
2023,21743,yes
2023,21750,yes
2023,21811,yes
2023,21812,yes
2023,21813,yes
2023,21820,yes
2023,21825,yes
2023,21899,yes
2023,21930,yes
2023,21931,yes
2023,21932,yes
2023,21933,yes
2023,21935,yes
2023,21936,yes
2023,22010,yes
2023,22015,yes
2023,22100,yes
2023,22101,yes
2023,22102,yes
2023,22110,yes
2023,22112,yes
2023,22114,yes
2023,22206,yes
2023,22207,yes
2023,22210,yes
2023,22212,yes
2023,22214,yes
2023,22220,yes
2023,22222,yes
2023,22224,yes
2023,22310,yes
2023,22315,yes
2023,22318,yes
2023,22319,yes
2023,22325,yes
2023,22326,yes
2023,22327,yes
2023,22505,yes
2023,22510,yes
2023,22511,yes
2023,22513,yes
2023,22514,yes
2023,22526,yes
2023,22532,yes
2023,22533,yes
2023,22548,yes
2023,22551,yes
2023,22554,yes
2023,22556,yes
2023,22558,yes
2023,22586,yes
2023,22590,yes
2023,22595,yes
2023,22600,yes
2023,22610,yes
2023,22612,yes
2023,22630,yes
2023,22633,yes
2023,22800,yes
2023,22802,yes
2023,22804,yes
2023,22808,yes
2023,22810,yes
2023,22812,yes
2023,22818,yes
2023,22819,yes
2023,22830,yes
2023,22849,yes
2023,22850,yes
2023,22852,yes
2023,22855,yes
2023,22856,yes
2023,22857,yes
2023,22861,yes
2023,22862,yes
2023,22864,yes
2023,22865,yes
2023,22867,yes
2023,22869,yes
2023,22899,yes
2023,22900,yes
2023,22901,yes
2023,22902,yes
2023,22903,yes
2023,22904,yes
2023,22905,yes
2023,22999,yes
2023,23000,yes
2023,23020,yes
2023,23030,yes
2023,23031,yes
2023,23035,yes
2023,23040,yes
2023,23044,yes
2023,23071,yes
2023,23073,yes
2023,23075,yes
2023,23076,yes
2023,23077,yes
2023,23078,yes
2023,23100,yes
2023,23101,yes
2023,23105,yes
2023,23106,yes
2023,23107,yes
2023,23120,yes
2023,23125,yes
2023,23130,yes
2023,23140,yes
2023,23145,yes
2023,23146,yes
2023,23150,yes
2023,23155,yes
2023,23156,yes
2023,23170,yes
2023,23172,yes
2023,23174,yes
2023,23180,yes
2023,23182,yes
2023,23184,yes
2023,23190,yes
2023,23195,yes
2023,23200,yes
2023,23210,yes
2023,23220,yes
2023,23330,yes
2023,23333,yes
2023,23334,yes
2023,23335,yes
2023,23395,yes
2023,23397,yes
2023,23400,yes
2023,23405,yes
2023,23406,yes
2023,23410,yes
2023,23412,yes
2023,23415,yes
2023,23420,yes
2023,23430,yes
2023,23440,yes
2023,23450,yes
2023,23455,yes
2023,23460,yes
2023,23462,yes
2023,23465,yes
2023,23466,yes
2023,23470,yes
2023,23472,yes
2023,23473,yes
2023,23474,yes
2023,23480,yes
2023,23485,yes
2023,23490,yes
2023,23491,yes
2023,23500,yes
2023,23505,yes
2023,23515,yes
2023,23520,yes
2023,23525,yes
2023,23530,yes
2023,23532,yes
2023,23540,yes
2023,23545,yes
2023,23550,yes
2023,23552,yes
2023,23570,yes
2023,23575,yes
2023,23585,yes
2023,23600,yes
2023,23605,yes
2023,23615,yes
2023,23616,yes
2023,23620,yes
2023,23625,yes
2023,23630,yes
2023,23650,yes
2023,23655,yes
2023,23660,yes
2023,23665,yes
2023,23670,yes
2023,23675,yes
2023,23680,yes
2023,23700,yes
2023,23800,yes
2023,23802,yes
2023,23900,yes
2023,23920,yes
2023,23921,yes
2023,23929,yes
2023,23930,yes
2023,23931,yes
2023,23935,yes
2023,24000,yes
2023,24006,yes
2023,24071,yes
2023,24073,yes
2023,24075,yes
2023,24076,yes
2023,24077,yes
2023,24079,yes
2023,24100,yes
2023,24101,yes
2023,24102,yes
2023,24105,yes
2023,24110,yes
2023,24115,yes
2023,24116,yes
2023,24120,yes
2023,24125,yes
2023,24126,yes
2023,24130,yes
2023,24134,yes
2023,24136,yes
2023,24138,yes
2023,24140,yes
2023,24145,yes
2023,24147,yes
2023,24149,yes
2023,24150,yes
2023,24152,yes
2023,24155,yes
2023,24160,yes
2023,24164,yes
2023,24200,yes
2023,24201,yes
2023,24300,yes
2023,24301,yes
2023,24305,yes
2023,24310,yes
2023,24320,yes
2023,24330,yes
2023,24331,yes
2023,24332,yes
2023,24340,yes
2023,24341,yes
2023,24342,yes
2023,24343,yes
2023,24344,yes
2023,24345,yes
2023,24346,yes
2023,24357,yes
2023,24358,yes
2023,24359,yes
2023,24360,yes
2023,24361,yes
2023,24362,yes
2023,24363,yes
2023,24365,yes
2023,24366,yes
2023,24370,yes
2023,24371,yes
2023,24400,yes
2023,24410,yes
2023,24420,yes
2023,24430,yes
2023,24435,yes
2023,24470,yes
2023,24495,yes
2023,24498,yes
2023,24500,yes
2023,24505,yes
2023,24515,yes
2023,24516,yes
2023,24530,yes
2023,24535,yes
2023,24538,yes
2023,24545,yes
2023,24546,yes
2023,24560,yes
2023,24565,yes
2023,24566,yes
2023,24575,yes
2023,24576,yes
2023,24577,yes
2023,24579,yes
2023,24582,yes
2023,24586,yes
2023,24587,yes
2023,24600,yes
2023,24605,yes
2023,24615,yes
2023,24620,yes
2023,24635,yes
2023,24640,yes
2023,24650,yes
2023,24655,yes
2023,24665,yes
2023,24666,yes
2023,24670,yes
2023,24675,yes
2023,24685,yes
2023,24800,yes
2023,24802,yes
2023,24900,yes
2023,24920,yes
2023,24925,yes
2023,24930,yes
2023,24931,yes
2023,24935,yes
2023,24940,yes
2023,24999,yes
2023,25000,yes
2023,25001,yes
2023,25020,yes
2023,25023,yes
2023,25024,yes
2023,25025,yes
2023,25028,yes
2023,25031,yes
2023,25035,yes
2023,25040,yes
2023,25071,yes
2023,25073,yes
2023,25075,yes
2023,25076,yes
2023,25077,yes
2023,25078,yes
2023,25085,yes
2023,25100,yes
2023,25101,yes
2023,25105,yes
2023,25107,yes
2023,25109,yes
2023,25110,yes
2023,25111,yes
2023,25112,yes
2023,25115,yes
2023,25116,yes
2023,25118,yes
2023,25119,yes
2023,25120,yes
2023,25125,yes
2023,25126,yes
2023,25130,yes
2023,25135,yes
2023,25136,yes
2023,25145,yes
2023,25150,yes
2023,25151,yes
2023,25170,yes
2023,25210,yes
2023,25215,yes
2023,25230,yes
2023,25240,yes
2023,25248,yes
2023,25250,yes
2023,25251,yes
2023,25259,yes
2023,25260,yes
2023,25263,yes
2023,25265,yes
2023,25270,yes
2023,25272,yes
2023,25274,yes
2023,25275,yes
2023,25280,yes
2023,25290,yes
2023,25295,yes
2023,25300,yes
2023,25301,yes
2023,25310,yes
2023,25312,yes
2023,25315,yes
2023,25316,yes
2023,25320,yes
2023,25332,yes
2023,25335,yes
2023,25337,yes
2023,25350,yes
2023,25355,yes
2023,25360,yes
2023,25365,yes
2023,25370,yes
2023,25375,yes
2023,25390,yes
2023,25391,yes
2023,25392,yes
2023,25393,yes
2023,25394,yes
2023,25400,yes
2023,25405,yes
2023,25415,yes
2023,25420,yes
2023,25425,yes
2023,25426,yes
2023,25430,yes
2023,25431,yes
2023,25440,yes
2023,25441,yes
2023,25442,yes
2023,25443,yes
2023,25444,yes
2023,25445,yes
2023,25446,yes
2023,25447,yes
2023,25449,yes
2023,25450,yes
2023,25455,yes
2023,25490,yes
2023,25491,yes
2023,25492,yes
2023,25500,yes
2023,25505,yes
2023,25515,yes
2023,25520,yes
2023,25525,yes
2023,25526,yes
2023,25530,yes
2023,25535,yes
2023,25545,yes
2023,25560,yes
2023,25565,yes
2023,25574,yes
2023,25575,yes
2023,25600,yes
2023,25605,yes
2023,25606,yes
2023,25607,yes
2023,25608,yes
2023,25609,yes
2023,25622,yes
2023,25624,yes
2023,25628,yes
2023,25630,yes
2023,25635,yes
2023,25645,yes
2023,25650,yes
2023,25651,yes
2023,25652,yes
2023,25660,yes
2023,25670,yes
2023,25671,yes
2023,25675,yes
2023,25676,yes
2023,25680,yes
2023,25685,yes
2023,25690,yes
2023,25695,yes
2023,25800,yes
2023,25805,yes
2023,25810,yes
2023,25820,yes
2023,25825,yes
2023,25830,yes
2023,25900,yes
2023,25905,yes
2023,25907,yes
2023,25909,yes
2023,25915,yes
2023,25920,yes
2023,25922,yes
2023,25924,yes
2023,25927,yes
2023,25929,yes
2023,25931,yes
2023,25999,yes
2023,26010,yes
2023,26011,yes
2023,26020,yes
2023,26025,yes
2023,26030,yes
2023,26034,yes
2023,26035,yes
2023,26037,yes
2023,26040,yes
2023,26045,yes
2023,26055,yes
2023,26060,yes
2023,26070,yes
2023,26075,yes
2023,26080,yes
2023,26100,yes
2023,26105,yes
2023,26110,yes
2023,26111,yes
2023,26113,yes
2023,26115,yes
2023,26116,yes
2023,26117,yes
2023,26118,yes
2023,26121,yes
2023,26123,yes
2023,26130,yes
2023,26135,yes
2023,26140,yes
2023,26145,yes
2023,26160,yes
2023,26170,yes
2023,26180,yes
2023,26185,yes
2023,26200,yes
2023,26205,yes
2023,26210,yes
2023,26215,yes
2023,26230,yes
2023,26235,yes
2023,26236,yes
2023,26250,yes
2023,26260,yes
2023,26262,yes
2023,26320,yes
2023,26340,yes
2023,26341,yes
2023,26350,yes
2023,26352,yes
2023,26356,yes
2023,26357,yes
2023,26358,yes
2023,26370,yes
2023,26372,yes
2023,26373,yes
2023,26390,yes
2023,26392,yes
2023,26410,yes
2023,26412,yes
2023,26415,yes
2023,26416,yes
2023,26418,yes
2023,26420,yes
2023,26426,yes
2023,26428,yes
2023,26432,yes
2023,26433,yes
2023,26434,yes
2023,26437,yes
2023,26440,yes
2023,26442,yes
2023,26445,yes
2023,26449,yes
2023,26450,yes
2023,26455,yes
2023,26460,yes
2023,26471,yes
2023,26474,yes
2023,26476,yes
2023,26477,yes
2023,26478,yes
2023,26479,yes
2023,26480,yes
2023,26483,yes
2023,26485,yes
2023,26489,yes
2023,26490,yes
2023,26492,yes
2023,26494,yes
2023,26496,yes
2023,26497,yes
2023,26498,yes
2023,26499,yes
2023,26500,yes
2023,26502,yes
2023,26508,yes
2023,26510,yes
2023,26516,yes
2023,26517,yes
2023,26518,yes
2023,26520,yes
2023,26525,yes
2023,26530,yes
2023,26531,yes
2023,26535,yes
2023,26536,yes
2023,26540,yes
2023,26541,yes
2023,26542,yes
2023,26545,yes
2023,26546,yes
2023,26548,yes
2023,26550,yes
2023,26551,yes
2023,26553,yes
2023,26554,yes
2023,26555,yes
2023,26556,yes
2023,26560,yes
2023,26561,yes
2023,26562,yes
2023,26565,yes
2023,26567,yes
2023,26568,yes
2023,26580,yes
2023,26587,yes
2023,26590,yes
2023,26591,yes
2023,26593,yes
2023,26596,yes
2023,26600,yes
2023,26605,yes
2023,26607,yes
2023,26608,yes
2023,26615,yes
2023,26641,yes
2023,26645,yes
2023,26650,yes
2023,26665,yes
2023,26670,yes
2023,26675,yes
2023,26676,yes
2023,26685,yes
2023,26686,yes
2023,26700,yes
2023,26705,yes
2023,26706,yes
2023,26715,yes
2023,26720,yes
2023,26725,yes
2023,26727,yes
2023,26735,yes
2023,26740,yes
2023,26742,yes
2023,26746,yes
2023,26750,yes
2023,26755,yes
2023,26756,yes
2023,26765,yes
2023,26770,yes
2023,26775,yes
2023,26776,yes
2023,26785,yes
2023,26820,yes
2023,26841,yes
2023,26842,yes
2023,26843,yes
2023,26844,yes
2023,26850,yes
2023,26852,yes
2023,26860,yes
2023,26862,yes
2023,26910,yes
2023,26951,yes
2023,26952,yes
2023,26989,yes
2023,26990,yes
2023,26991,yes
2023,26992,yes
2023,27000,yes
2023,27001,yes
2023,27003,yes
2023,27005,yes
2023,27006,yes
2023,27025,yes
2023,27027,yes
2023,27030,yes
2023,27033,yes
2023,27035,yes
2023,27036,yes
2023,27043,yes
2023,27045,yes
2023,27047,yes
2023,27048,yes
2023,27049,yes
2023,27050,yes
2023,27052,yes
2023,27054,yes
2023,27057,yes
2023,27059,yes
2023,27060,yes
2023,27062,yes
2023,27065,yes
2023,27066,yes
2023,27067,yes
2023,27070,yes
2023,27071,yes
2023,27075,yes
2023,27076,yes
2023,27077,yes
2023,27078,yes
2023,27080,yes
2023,27086,yes
2023,27087,yes
2023,27090,yes
2023,27091,yes
2023,27096,yes
2023,27097,yes
2023,27098,yes
2023,27100,yes
2023,27105,yes
2023,27110,yes
2023,27111,yes
2023,27120,yes
2023,27122,yes
2023,27125,yes
2023,27130,yes
2023,27132,yes
2023,27134,yes
2023,27137,yes
2023,27138,yes
2023,27140,yes
2023,27146,yes
2023,27147,yes
2023,27151,yes
2023,27156,yes
2023,27158,yes
2023,27161,yes
2023,27165,yes
2023,27170,yes
2023,27175,yes
2023,27176,yes
2023,27177,yes
2023,27178,yes
2023,27179,yes
2023,27181,yes
2023,27185,yes
2023,27187,yes
2023,27197,yes
2023,27198,yes
2023,27200,yes
2023,27202,yes
2023,27215,yes
2023,27216,yes
2023,27217,yes
2023,27218,yes
2023,27220,yes
2023,27222,yes
2023,27226,yes
2023,27227,yes
2023,27228,yes
2023,27230,yes
2023,27232,yes
2023,27235,yes
2023,27236,yes
2023,27238,yes
2023,27240,yes
2023,27244,yes
2023,27245,yes
2023,27246,yes
2023,27248,yes
2023,27250,yes
2023,27252,yes
2023,27253,yes
2023,27254,yes
2023,27256,yes
2023,27257,yes
2023,27258,yes
2023,27259,yes
2023,27265,yes
2023,27266,yes
2023,27267,yes
2023,27268,yes
2023,27269,yes
2023,27275,yes
2023,27279,yes
2023,27280,yes
2023,27282,yes
2023,27284,yes
2023,27286,yes
2023,27290,yes
2023,27295,yes
2023,27299,yes
2023,27301,yes
2023,27303,yes
2023,27305,yes
2023,27306,yes
2023,27307,yes
2023,27310,yes
2023,27325,yes
2023,27326,yes
2023,27327,yes
2023,27328,yes
2023,27329,yes
2023,27330,yes
2023,27331,yes
2023,27332,yes
2023,27333,yes
2023,27334,yes
2023,27335,yes
2023,27337,yes
2023,27339,yes
2023,27340,yes
2023,27345,yes
2023,27347,yes
2023,27350,yes
2023,27355,yes
2023,27356,yes
2023,27357,yes
2023,27360,yes
2023,27364,yes
2023,27365,yes
2023,27372,yes
2023,27380,yes
2023,27381,yes
2023,27385,yes
2023,27386,yes
2023,27390,yes
2023,27391,yes
2023,27392,yes
2023,27393,yes
2023,27394,yes
2023,27395,yes
2023,27396,yes
2023,27397,yes
2023,27400,yes
2023,27403,yes
2023,27405,yes
2023,27407,yes
2023,27409,yes
2023,27412,yes
2023,27415,yes
2023,27416,yes
2023,27418,yes
2023,27420,yes
2023,27422,yes
2023,27424,yes
2023,27425,yes
2023,27427,yes
2023,27428,yes
2023,27429,yes
2023,27430,yes
2023,27435,yes
2023,27437,yes
2023,27438,yes
2023,27440,yes
2023,27441,yes
2023,27442,yes
2023,27443,yes
2023,27445,yes
2023,27446,yes
2023,27447,yes
2023,27448,yes
2023,27450,yes
2023,27454,yes
2023,27455,yes
2023,27457,yes
2023,27465,yes
2023,27466,yes
2023,27468,yes
2023,27470,yes
2023,27472,yes
2023,27475,yes
2023,27477,yes
2023,27479,yes
2023,27485,yes
2023,27486,yes
2023,27487,yes
2023,27488,yes
2023,27495,yes
2023,27496,yes
2023,27497,yes
2023,27498,yes
2023,27499,yes
2023,27500,yes
2023,27501,yes
2023,27502,yes
2023,27503,yes
2023,27506,yes
2023,27507,yes
2023,27508,yes
2023,27509,yes
2023,27510,yes
2023,27511,yes
2023,27513,yes
2023,27514,yes
2023,27516,yes
2023,27517,yes
2023,27519,yes
2023,27520,yes
2023,27524,yes
2023,27530,yes
2023,27532,yes
2023,27535,yes
2023,27536,yes
2023,27538,yes
2023,27540,yes
2023,27550,yes
2023,27552,yes
2023,27556,yes
2023,27557,yes
2023,27558,yes
2023,27560,yes
2023,27562,yes
2023,27566,yes
2023,27570,yes
2023,27580,yes
2023,27590,yes
2023,27591,yes
2023,27592,yes
2023,27594,yes
2023,27596,yes
2023,27598,yes
2023,27599,yes
2023,27600,yes
2023,27601,yes
2023,27602,yes
2023,27603,yes
2023,27604,yes
2023,27605,yes
2023,27606,yes
2023,27607,yes
2023,27610,yes
2023,27612,yes
2023,27615,yes
2023,27616,yes
2023,27618,yes
2023,27619,yes
2023,27620,yes
2023,27625,yes
2023,27626,yes
2023,27630,yes
2023,27632,yes
2023,27634,yes
2023,27635,yes
2023,27637,yes
2023,27638,yes
2023,27640,yes
2023,27641,yes
2023,27645,yes
2023,27646,yes
2023,27647,yes
2023,27650,yes
2023,27652,yes
2023,27654,yes
2023,27656,yes
2023,27658,yes
2023,27659,yes
2023,27664,yes
2023,27665,yes
2023,27675,yes
2023,27676,yes
2023,27680,yes
2023,27681,yes
2023,27685,yes
2023,27686,yes
2023,27687,yes
2023,27690,yes
2023,27691,yes
2023,27695,yes
2023,27696,yes
2023,27698,yes
2023,27700,yes
2023,27702,yes
2023,27703,yes
2023,27704,yes
2023,27705,yes
2023,27707,yes
2023,27709,yes
2023,27712,yes
2023,27715,yes
2023,27720,yes
2023,27722,yes
2023,27724,yes
2023,27725,yes
2023,27726,yes
2023,27727,yes
2023,27730,yes
2023,27732,yes
2023,27734,yes
2023,27740,yes
2023,27742,yes
2023,27745,yes
2023,27750,yes
2023,27752,yes
2023,27756,yes
2023,27758,yes
2023,27759,yes
2023,27760,yes
2023,27762,yes
2023,27766,yes
2023,27767,yes
2023,27768,yes
2023,27769,yes
2023,27780,yes
2023,27781,yes
2023,27784,yes
2023,27786,yes
2023,27788,yes
2023,27792,yes
2023,27808,yes
2023,27810,yes
2023,27814,yes
2023,27816,yes
2023,27818,yes
2023,27822,yes
2023,27823,yes
2023,27824,yes
2023,27825,yes
2023,27826,yes
2023,27827,yes
2023,27828,yes
2023,27829,yes
2023,27830,yes
2023,27831,yes
2023,27832,yes
2023,27840,yes
2023,27842,yes
2023,27846,yes
2023,27848,yes
2023,27860,yes
2023,27870,yes
2023,27871,yes
2023,27880,yes
2023,27881,yes
2023,27882,yes
2023,27884,yes
2023,27886,yes
2023,27888,yes
2023,27889,yes
2023,27892,yes
2023,27893,yes
2023,27894,yes
2023,27899,yes
2023,28001,yes
2023,28002,yes
2023,28003,yes
2023,28005,yes
2023,28008,yes
2023,28010,yes
2023,28011,yes
2023,28020,yes
2023,28022,yes
2023,28024,yes
2023,28035,yes
2023,28039,yes
2023,28041,yes
2023,28043,yes
2023,28045,yes
2023,28046,yes
2023,28047,yes
2023,28050,yes
2023,28052,yes
2023,28054,yes
2023,28055,yes
2023,28060,yes
2023,28062,yes
2023,28070,yes
2023,28072,yes
2023,28080,yes
2023,28086,yes
2023,28088,yes
2023,28090,yes
2023,28092,yes
2023,28100,yes
2023,28102,yes
2023,28103,yes
2023,28104,yes
2023,28106,yes
2023,28107,yes
2023,28108,yes
2023,28110,yes
2023,28111,yes
2023,28112,yes
2023,28113,yes
2023,28114,yes
2023,28116,yes
2023,28118,yes
2023,28119,yes
2023,28120,yes
2023,28122,yes
2023,28124,yes
2023,28126,yes
2023,28130,yes
2023,28140,yes
2023,28150,yes
2023,28153,yes
2023,28160,yes
2023,28171,yes
2023,28173,yes
2023,28175,yes
2023,28190,yes
2023,28192,yes
2023,28193,yes
2023,28200,yes
2023,28202,yes
2023,28208,yes
2023,28210,yes
2023,28220,yes
2023,28222,yes
2023,28225,yes
2023,28226,yes
2023,28230,yes
2023,28232,yes
2023,28234,yes
2023,28238,yes
2023,28240,yes
2023,28250,yes
2023,28260,yes
2023,28261,yes
2023,28262,yes
2023,28264,yes
2023,28270,yes
2023,28272,yes
2023,28280,yes
2023,28285,yes
2023,28286,yes
2023,28288,yes
2023,28289,yes
2023,28291,yes
2023,28292,yes
2023,28295,yes
2023,28296,yes
2023,28297,yes
2023,28298,yes
2023,28299,yes
2023,28300,yes
2023,28302,yes
2023,28304,yes
2023,28305,yes
2023,28306,yes
2023,28307,yes
2023,28308,yes
2023,28309,yes
2023,28310,yes
2023,28312,yes
2023,28313,yes
2023,28315,yes
2023,28320,yes
2023,28322,yes
2023,28340,yes
2023,28341,yes
2023,28344,yes
2023,28345,yes
2023,28360,yes
2023,28400,yes
2023,28405,yes
2023,28406,yes
2023,28415,yes
2023,28420,yes
2023,28430,yes
2023,28435,yes
2023,28436,yes
2023,28445,yes
2023,28446,yes
2023,28450,yes
2023,28455,yes
2023,28456,yes
2023,28465,yes
2023,28470,yes
2023,28475,yes
2023,28476,yes
2023,28485,yes
2023,28490,yes
2023,28495,yes
2023,28496,yes
2023,28505,yes
2023,28510,yes
2023,28515,yes
2023,28525,yes
2023,28530,yes
2023,28531,yes
2023,28540,yes
2023,28545,yes
2023,28546,yes
2023,28555,yes
2023,28570,yes
2023,28575,yes
2023,28576,yes
2023,28585,yes
2023,28600,yes
2023,28605,yes
2023,28606,yes
2023,28615,yes
2023,28630,yes
2023,28635,yes
2023,28636,yes
2023,28645,yes
2023,28660,yes
2023,28665,yes
2023,28666,yes
2023,28675,yes
2023,28705,yes
2023,28715,yes
2023,28725,yes
2023,28730,yes
2023,28735,yes
2023,28737,yes
2023,28740,yes
2023,28750,yes
2023,28755,yes
2023,28760,yes
2023,28800,yes
2023,28805,yes
2023,28810,yes
2023,28820,yes
2023,28825,yes
2023,28890,yes
2023,28899,yes
2023,29000,yes
2023,29010,yes
2023,29015,yes
2023,29035,yes
2023,29040,yes
2023,29044,yes
2023,29046,yes
2023,29049,yes
2023,29055,yes
2023,29058,yes
2023,29065,yes
2023,29075,yes
2023,29085,yes
2023,29086,yes
2023,29105,yes
2023,29125,yes
2023,29126,yes
2023,29130,yes
2023,29131,yes
2023,29200,yes
2023,29240,yes
2023,29260,yes
2023,29280,yes
2023,29305,yes
2023,29325,yes
2023,29345,yes
2023,29355,yes
2023,29358,yes
2023,29365,yes
2023,29405,yes
2023,29425,yes
2023,29435,yes
2023,29440,yes
2023,29445,yes
2023,29450,yes
2023,29505,yes
2023,29515,yes
2023,29520,yes
2023,29530,yes
2023,29540,yes
2023,29550,yes
2023,29580,yes
2023,29581,yes
2023,29584,yes
2023,29700,yes
2023,29705,yes
2023,29710,yes
2023,29720,yes
2023,29730,yes
2023,29740,yes
2023,29750,yes
2023,29799,yes
2023,29800,yes
2023,29804,yes
2023,29805,yes
2023,29806,yes
2023,29807,yes
2023,29819,yes
2023,29820,yes
2023,29821,yes
2023,29822,yes
2023,29823,yes
2023,29824,yes
2023,29825,yes
2023,29827,yes
2023,29828,yes
2023,29830,yes
2023,29834,yes
2023,29835,yes
2023,29836,yes
2023,29837,yes
2023,29838,yes
2023,29840,yes
2023,29843,yes
2023,29844,yes
2023,29845,yes
2023,29846,yes
2023,29847,yes
2023,29848,yes
2023,29850,yes
2023,29851,yes
2023,29855,yes
2023,29856,yes
2023,29860,yes
2023,29861,yes
2023,29862,yes
2023,29863,yes
2023,29866,yes
2023,29867,yes
2023,29868,yes
2023,29870,yes
2023,29871,yes
2023,29873,yes
2023,29874,yes
2023,29875,yes
2023,29876,yes
2023,29877,yes
2023,29879,yes
2023,29880,yes
2023,29881,yes
2023,29882,yes
2023,29883,yes
2023,29884,yes
2023,29885,yes
2023,29886,yes
2023,29887,yes
2023,29888,yes
2023,29889,yes
2023,29891,yes
2023,29892,yes
2023,29893,yes
2023,29894,yes
2023,29895,yes
2023,29897,yes
2023,29898,yes
2023,29899,yes
2023,29900,yes
2023,29901,yes
2023,29902,yes
2023,29904,yes
2023,29905,yes
2023,29906,yes
2023,29907,yes
2023,29914,yes
2023,29915,yes
2023,29916,yes
2023,29999,yes
2023,30000,yes
2023,30020,yes
2023,30110,yes
2023,30115,yes
2023,30117,yes
2023,30118,yes
2023,30120,yes
2023,30124,yes
2023,30125,yes
2023,30130,yes
2023,30140,yes
2023,30150,yes
2023,30160,yes
2023,30200,yes
2023,30210,yes
2023,30220,yes
2023,30300,yes
2023,30310,yes
2023,30320,yes
2023,30400,yes
2023,30410,yes
2023,30420,yes
2023,30430,yes
2023,30435,yes
2023,30450,yes
2023,30460,yes
2023,30462,yes
2023,30465,yes
2023,30468,yes
2023,30469,yes
2023,30520,yes
2023,30540,yes
2023,30545,yes
2023,30560,yes
2023,30580,yes
2023,30600,yes
2023,30620,yes
2023,30630,yes
2023,30801,yes
2023,30802,yes
2023,30901,yes
2023,30903,yes
2023,30905,yes
2023,30906,yes
2023,30915,yes
2023,30920,yes
2023,30930,yes
2023,30999,yes
2023,31000,yes
2023,31002,yes
2023,31020,yes
2023,31030,yes
2023,31032,yes
2023,31040,yes
2023,31050,yes
2023,31051,yes
2023,31070,yes
2023,31075,yes
2023,31080,yes
2023,31081,yes
2023,31084,yes
2023,31085,yes
2023,31086,yes
2023,31087,yes
2023,31090,yes
2023,31200,yes
2023,31201,yes
2023,31205,yes
2023,31225,yes
2023,31230,yes
2023,31231,yes
2023,31233,yes
2023,31235,yes
2023,31237,yes
2023,31238,yes
2023,31239,yes
2023,31240,yes
2023,31241,yes
2023,31253,yes
2023,31254,yes
2023,31255,yes
2023,31256,yes
2023,31257,yes
2023,31259,yes
2023,31267,yes
2023,31276,yes
2023,31287,yes
2023,31288,yes
2023,31290,yes
2023,31291,yes
2023,31292,yes
2023,31293,yes
2023,31294,yes
2023,31295,yes
2023,31296,yes
2023,31297,yes
2023,31298,yes
2023,31299,yes
2023,31300,yes
2023,31360,yes
2023,31365,yes
2023,31367,yes
2023,31368,yes
2023,31370,yes
2023,31375,yes
2023,31380,yes
2023,31382,yes
2023,31390,yes
2023,31395,yes
2023,31400,yes
2023,31420,yes
2023,31500,yes
2023,31502,yes
2023,31505,yes
2023,31510,yes
2023,31511,yes
2023,31512,yes
2023,31513,yes
2023,31515,yes
2023,31520,yes
2023,31525,yes
2023,31526,yes
2023,31527,yes
2023,31528,yes
2023,31529,yes
2023,31530,yes
2023,31531,yes
2023,31535,yes
2023,31536,yes
2023,31540,yes
2023,31541,yes
2023,31545,yes
2023,31546,yes
2023,31551,yes
2023,31552,yes
2023,31553,yes
2023,31554,yes
2023,31560,yes
2023,31561,yes
2023,31570,yes
2023,31571,yes
2023,31572,yes
2023,31573,yes
2023,31574,yes
2023,31575,yes
2023,31576,yes
2023,31577,yes
2023,31578,yes
2023,31579,yes
2023,31580,yes
2023,31584,yes
2023,31587,yes
2023,31590,yes
2023,31591,yes
2023,31592,yes
2023,31599,yes
2023,31600,yes
2023,31601,yes
2023,31603,yes
2023,31605,yes
2023,31610,yes
2023,31611,yes
2023,31612,yes
2023,31613,yes
2023,31614,yes
2023,31615,yes
2023,31622,yes
2023,31623,yes
2023,31624,yes
2023,31625,yes
2023,31626,yes
2023,31628,yes
2023,31629,yes
2023,31630,yes
2023,31631,yes
2023,31634,yes
2023,31635,yes
2023,31636,yes
2023,31638,yes
2023,31640,yes
2023,31641,yes
2023,31643,yes
2023,31645,yes
2023,31646,yes
2023,31647,yes
2023,31648,yes
2023,31660,yes
2023,31661,yes
2023,31717,yes
2023,31720,yes
2023,31725,yes
2023,31730,yes
2023,31750,yes
2023,31755,yes
2023,31760,yes
2023,31766,yes
2023,31770,yes
2023,31775,yes
2023,31780,yes
2023,31781,yes
2023,31785,yes
2023,31786,yes
2023,31800,yes
2023,31805,yes
2023,31820,yes
2023,31825,yes
2023,31830,yes
2023,31899,yes
2023,32035,yes
2023,32036,yes
2023,32096,yes
2023,32097,yes
2023,32098,yes
2023,32100,yes
2023,32110,yes
2023,32120,yes
2023,32124,yes
2023,32140,yes
2023,32141,yes
2023,32150,yes
2023,32151,yes
2023,32160,yes
2023,32200,yes
2023,32215,yes
2023,32220,yes
2023,32225,yes
2023,32310,yes
2023,32320,yes
2023,32440,yes
2023,32442,yes
2023,32445,yes
2023,32480,yes
2023,32482,yes
2023,32484,yes
2023,32486,yes
2023,32488,yes
2023,32491,yes
2023,32503,yes
2023,32504,yes
2023,32505,yes
2023,32540,yes
2023,32550,yes
2023,32551,yes
2023,32552,yes
2023,32554,yes
2023,32555,yes
2023,32556,yes
2023,32557,yes
2023,32560,yes
2023,32561,yes
2023,32562,yes
2023,32601,yes
2023,32604,yes
2023,32606,yes
2023,32607,yes
2023,32608,yes
2023,32609,yes
2023,32650,yes
2023,32651,yes
2023,32652,yes
2023,32653,yes
2023,32654,yes
2023,32655,yes
2023,32656,yes
2023,32658,yes
2023,32659,yes
2023,32661,yes
2023,32662,yes
2023,32663,yes
2023,32664,yes
2023,32665,yes
2023,32666,yes
2023,32669,yes
2023,32670,yes
2023,32671,yes
2023,32672,yes
2023,32673,yes
2023,32701,yes
2023,32800,yes
2023,32810,yes
2023,32815,yes
2023,32820,yes
2023,32851,yes
2023,32852,yes
2023,32853,yes
2023,32854,yes
2023,32900,yes
2023,32905,yes
2023,32906,yes
2023,32940,yes
2023,32960,yes
2023,32994,yes
2023,32997,yes
2023,32998,yes
2023,32999,yes
2023,33016,yes
2023,33017,yes
2023,33018,yes
2023,33019,yes
2023,33020,yes
2023,33025,yes
2023,33030,yes
2023,33031,yes
2023,33050,yes
2023,33120,yes
2023,33130,yes
2023,33140,yes
2023,33202,yes
2023,33203,yes
2023,33206,yes
2023,33207,yes
2023,33208,yes
2023,33210,yes
2023,33211,yes
2023,33212,yes
2023,33213,yes
2023,33214,yes
2023,33215,yes
2023,33216,yes
2023,33217,yes
2023,33218,yes
2023,33220,yes
2023,33221,yes
2023,33222,yes
2023,33223,yes
2023,33224,yes
2023,33226,yes
2023,33227,yes
2023,33228,yes
2023,33229,yes
2023,33230,yes
2023,33231,yes
2023,33233,yes
2023,33234,yes
2023,33235,yes
2023,33236,yes
2023,33237,yes
2023,33238,yes
2023,33240,yes
2023,33241,yes
2023,33243,yes
2023,33244,yes
2023,33249,yes
2023,33250,yes
2023,33251,yes
2023,33254,yes
2023,33255,yes
2023,33256,yes
2023,33261,yes
2023,33262,yes
2023,33263,yes
2023,33264,yes
2023,33265,yes
2023,33266,yes
2023,33267,yes
2023,33269,yes
2023,33270,yes
2023,33271,yes
2023,33272,yes
2023,33273,yes
2023,33274,yes
2023,33275,yes
2023,33289,yes
2023,33300,yes
2023,33305,yes
2023,33310,yes
2023,33315,yes
2023,33320,yes
2023,33321,yes
2023,33322,yes
2023,33330,yes
2023,33335,yes
2023,33340,yes
2023,33361,yes
2023,33362,yes
2023,33363,yes
2023,33364,yes
2023,33365,yes
2023,33366,yes
2023,33390,yes
2023,33391,yes
2023,33404,yes
2023,33405,yes
2023,33406,yes
2023,33410,yes
2023,33411,yes
2023,33412,yes
2023,33413,yes
2023,33414,yes
2023,33415,yes
2023,33416,yes
2023,33417,yes
2023,33418,yes
2023,33420,yes
2023,33422,yes
2023,33425,yes
2023,33426,yes
2023,33427,yes
2023,33430,yes
2023,33440,yes
2023,33460,yes
2023,33463,yes
2023,33464,yes
2023,33465,yes
2023,33468,yes
2023,33471,yes
2023,33474,yes
2023,33475,yes
2023,33476,yes
2023,33477,yes
2023,33478,yes
2023,33496,yes
2023,33500,yes
2023,33501,yes
2023,33502,yes
2023,33503,yes
2023,33504,yes
2023,33505,yes
2023,33506,yes
2023,33507,yes
2023,33510,yes
2023,33511,yes
2023,33512,yes
2023,33513,yes
2023,33514,yes
2023,33516,yes
2023,33533,yes
2023,33534,yes
2023,33535,yes
2023,33536,yes
2023,33542,yes
2023,33545,yes
2023,33548,yes
2023,33600,yes
2023,33602,yes
2023,33606,yes
2023,33608,yes
2023,33610,yes
2023,33611,yes
2023,33612,yes
2023,33615,yes
2023,33617,yes
2023,33619,yes
2023,33620,yes
2023,33621,yes
2023,33622,yes
2023,33641,yes
2023,33645,yes
2023,33647,yes
2023,33660,yes
2023,33665,yes
2023,33670,yes
2023,33675,yes
2023,33676,yes
2023,33677,yes
2023,33681,yes
2023,33684,yes
2023,33688,yes
2023,33690,yes
2023,33692,yes
2023,33694,yes
2023,33697,yes
2023,33702,yes
2023,33710,yes
2023,33720,yes
2023,33724,yes
2023,33726,yes
2023,33730,yes
2023,33732,yes
2023,33735,yes
2023,33736,yes
2023,33737,yes
2023,33741,yes
2023,33745,yes
2023,33750,yes
2023,33755,yes
2023,33762,yes
2023,33764,yes
2023,33766,yes
2023,33767,yes
2023,33770,yes
2023,33771,yes
2023,33774,yes
2023,33775,yes
2023,33776,yes
2023,33777,yes
2023,33778,yes
2023,33779,yes
2023,33780,yes
2023,33781,yes
2023,33782,yes
2023,33783,yes
2023,33786,yes
2023,33788,yes
2023,33800,yes
2023,33802,yes
2023,33803,yes
2023,33813,yes
2023,33814,yes
2023,33820,yes
2023,33822,yes
2023,33824,yes
2023,33840,yes
2023,33845,yes
2023,33851,yes
2023,33852,yes
2023,33853,yes
2023,33858,yes
2023,33859,yes
2023,33863,yes
2023,33864,yes
2023,33871,yes
2023,33875,yes
2023,33877,yes
2023,33880,yes
2023,33881,yes
2023,33883,yes
2023,33886,yes
2023,33889,yes
2023,33891,yes
2023,33894,yes
2023,33895,yes
2023,33897,yes
2023,33900,yes
2023,33901,yes
2023,33902,yes
2023,33903,yes
2023,33910,yes
2023,33915,yes
2023,33916,yes
2023,33917,yes
2023,33920,yes
2023,33922,yes
2023,33925,yes
2023,33926,yes
2023,33927,yes
2023,33928,yes
2023,33935,yes
2023,33945,yes
2023,33946,yes
2023,33947,yes
2023,33948,yes
2023,33949,yes
2023,33951,yes
2023,33952,yes
2023,33953,yes
2023,33954,yes
2023,33955,yes
2023,33956,yes
2023,33957,yes
2023,33958,yes
2023,33959,yes
2023,33962,yes
2023,33963,yes
2023,33964,yes
2023,33965,yes
2023,33966,yes
2023,33967,yes
2023,33968,yes
2023,33969,yes
2023,33970,yes
2023,33971,yes
2023,33973,yes
2023,33974,yes
2023,33975,yes
2023,33976,yes
2023,33977,yes
2023,33978,yes
2023,33979,yes
2023,33980,yes
2023,33981,yes
2023,33982,yes
2023,33983,yes
2023,33984,yes
2023,33985,yes
2023,33986,yes
2023,33988,yes
2023,33989,yes
2023,33990,yes
2023,33991,yes
2023,33992,yes
2023,33993,yes
2023,33995,yes
2023,33997,yes
2023,33999,yes
2023,34001,yes
2023,34051,yes
2023,34101,yes
2023,34111,yes
2023,34151,yes
2023,34201,yes
2023,34203,yes
2023,34401,yes
2023,34421,yes
2023,34451,yes
2023,34471,yes
2023,34490,yes
2023,34501,yes
2023,34502,yes
2023,34510,yes
2023,34520,yes
2023,34530,yes
2023,34701,yes
2023,34702,yes
2023,34703,yes
2023,34704,yes
2023,34705,yes
2023,34706,yes
2023,34707,yes
2023,34708,yes
2023,34710,yes
2023,34712,yes
2023,34718,yes
2023,34830,yes
2023,34831,yes
2023,34832,yes
2023,34839,yes
2023,34841,yes
2023,34842,yes
2023,34843,yes
2023,34844,yes
2023,34845,yes
2023,34846,yes
2023,34847,yes
2023,34848,yes
2023,35001,yes
2023,35002,yes
2023,35005,yes
2023,35011,yes
2023,35013,yes
2023,35021,yes
2023,35022,yes
2023,35045,yes
2023,35081,yes
2023,35082,yes
2023,35091,yes
2023,35092,yes
2023,35102,yes
2023,35103,yes
2023,35111,yes
2023,35112,yes
2023,35121,yes
2023,35122,yes
2023,35131,yes
2023,35132,yes
2023,35141,yes
2023,35142,yes
2023,35151,yes
2023,35152,yes
2023,35180,yes
2023,35182,yes
2023,35184,yes
2023,35188,yes
2023,35189,yes
2023,35190,yes
2023,35201,yes
2023,35206,yes
2023,35207,yes
2023,35211,yes
2023,35216,yes
2023,35221,yes
2023,35226,yes
2023,35231,yes
2023,35236,yes
2023,35241,yes
2023,35246,yes
2023,35251,yes
2023,35256,yes
2023,35261,yes
2023,35266,yes
2023,35271,yes
2023,35276,yes
2023,35281,yes
2023,35286,yes
2023,35301,yes
2023,35302,yes
2023,35303,yes
2023,35304,yes
2023,35305,yes
2023,35311,yes
2023,35321,yes
2023,35331,yes
2023,35341,yes
2023,35351,yes
2023,35355,yes
2023,35361,yes
2023,35363,yes
2023,35371,yes
2023,35372,yes
2023,35501,yes
2023,35506,yes
2023,35508,yes
2023,35509,yes
2023,35510,yes
2023,35511,yes
2023,35512,yes
2023,35515,yes
2023,35516,yes
2023,35518,yes
2023,35521,yes
2023,35522,yes
2023,35523,yes
2023,35525,yes
2023,35526,yes
2023,35531,yes
2023,35533,yes
2023,35535,yes
2023,35536,yes
2023,35537,yes
2023,35538,yes
2023,35539,yes
2023,35540,yes
2023,35556,yes
2023,35558,yes
2023,35560,yes
2023,35563,yes
2023,35565,yes
2023,35566,yes
2023,35570,yes
2023,35571,yes
2023,35583,yes
2023,35585,yes
2023,35587,yes
2023,35601,yes
2023,35606,yes
2023,35612,yes
2023,35616,yes
2023,35621,yes
2023,35623,yes
2023,35626,yes
2023,35631,yes
2023,35632,yes
2023,35633,yes
2023,35634,yes
2023,35636,yes
2023,35637,yes
2023,35638,yes
2023,35642,yes
2023,35645,yes
2023,35646,yes
2023,35647,yes
2023,35650,yes
2023,35654,yes
2023,35656,yes
2023,35661,yes
2023,35663,yes
2023,35665,yes
2023,35666,yes
2023,35671,yes
2023,35691,yes
2023,35693,yes
2023,35694,yes
2023,35695,yes
2023,35701,yes
2023,35702,yes
2023,35703,yes
2023,35800,yes
2023,35820,yes
2023,35840,yes
2023,35860,yes
2023,35870,yes
2023,35875,yes
2023,35876,yes
2023,35879,yes
2023,35881,yes
2023,35883,yes
2023,35884,yes
2023,35901,yes
2023,35903,yes
2023,35905,yes
2023,35907,yes
2023,36000,yes
2023,36002,yes
2023,36010,yes
2023,36011,yes
2023,36012,yes
2023,36013,yes
2023,36014,yes
2023,36015,yes
2023,36100,yes
2023,36140,yes
2023,36160,yes
2023,36200,yes
2023,36215,yes
2023,36216,yes
2023,36217,yes
2023,36221,yes
2023,36222,yes
2023,36223,yes
2023,36224,yes
2023,36225,yes
2023,36226,yes
2023,36245,yes
2023,36246,yes
2023,36247,yes
2023,36251,yes
2023,36252,yes
2023,36253,yes
2023,36254,yes
2023,36260,yes
2023,36261,yes
2023,36262,yes
2023,36299,yes
2023,36400,yes
2023,36405,yes
2023,36406,yes
2023,36410,yes
2023,36430,yes
2023,36440,yes
2023,36450,yes
2023,36455,yes
2023,36456,yes
2023,36460,yes
2023,36465,yes
2023,36466,yes
2023,36468,yes
2023,36470,yes
2023,36471,yes
2023,36473,yes
2023,36475,yes
2023,36478,yes
2023,36481,yes
2023,36482,yes
2023,36500,yes
2023,36510,yes
2023,36511,yes
2023,36512,yes
2023,36513,yes
2023,36514,yes
2023,36516,yes
2023,36522,yes
2023,36555,yes
2023,36556,yes
2023,36557,yes
2023,36558,yes
2023,36560,yes
2023,36561,yes
2023,36563,yes
2023,36565,yes
2023,36566,yes
2023,36568,yes
2023,36569,yes
2023,36570,yes
2023,36571,yes
2023,36572,yes
2023,36573,yes
2023,36575,yes
2023,36576,yes
2023,36578,yes
2023,36580,yes
2023,36581,yes
2023,36582,yes
2023,36583,yes
2023,36584,yes
2023,36585,yes
2023,36589,yes
2023,36590,yes
2023,36591,yes
2023,36592,yes
2023,36593,yes
2023,36595,yes
2023,36596,yes
2023,36597,yes
2023,36600,yes
2023,36620,yes
2023,36625,yes
2023,36640,yes
2023,36660,yes
2023,36680,yes
2023,36800,yes
2023,36810,yes
2023,36815,yes
2023,36818,yes
2023,36819,yes
2023,36820,yes
2023,36821,yes
2023,36823,yes
2023,36825,yes
2023,36830,yes
2023,36831,yes
2023,36832,yes
2023,36833,yes
2023,36835,yes
2023,36836,yes
2023,36837,yes
2023,36838,yes
2023,36860,yes
2023,36861,yes
2023,36902,yes
2023,36903,yes
2023,36904,yes
2023,36905,yes
2023,36906,yes
2023,37140,yes
2023,37145,yes
2023,37160,yes
2023,37180,yes
2023,37181,yes
2023,37182,yes
2023,37183,yes
2023,37184,yes
2023,37187,yes
2023,37188,yes
2023,37191,yes
2023,37192,yes
2023,37193,yes
2023,37195,yes
2023,37197,yes
2023,37211,yes
2023,37212,yes
2023,37213,yes
2023,37214,yes
2023,37215,yes
2023,37216,yes
2023,37217,yes
2023,37218,yes
2023,37220,yes
2023,37221,yes
2023,37224,yes
2023,37225,yes
2023,37226,yes
2023,37227,yes
2023,37228,yes
2023,37229,yes
2023,37230,yes
2023,37231,yes
2023,37236,yes
2023,37238,yes
2023,37241,yes
2023,37242,yes
2023,37243,yes
2023,37244,yes
2023,37246,yes
2023,37248,yes
2023,37500,yes
2023,37501,yes
2023,37565,yes
2023,37600,yes
2023,37605,yes
2023,37606,yes
2023,37607,yes
2023,37609,yes
2023,37615,yes
2023,37616,yes
2023,37617,yes
2023,37618,yes
2023,37619,yes
2023,37650,yes
2023,37660,yes
2023,37700,yes
2023,37718,yes
2023,37722,yes
2023,37735,yes
2023,37760,yes
2023,37761,yes
2023,37765,yes
2023,37766,yes
2023,37780,yes
2023,37785,yes
2023,37788,yes
2023,37790,yes
2023,37799,yes
2023,38100,yes
2023,38101,yes
2023,38115,yes
2023,38120,yes
2023,38129,yes
2023,38240,yes
2023,38241,yes
2023,38242,yes
2023,38243,yes
2023,38300,yes
2023,38305,yes
2023,38308,yes
2023,38380,yes
2023,38381,yes
2023,38382,yes
2023,38542,yes
2023,38550,yes
2023,38555,yes
2023,38562,yes
2023,38564,yes
2023,38570,yes
2023,38571,yes
2023,38572,yes
2023,38573,yes
2023,38589,yes
2023,38700,yes
2023,38720,yes
2023,38724,yes
2023,38740,yes
2023,38745,yes
2023,38760,yes
2023,38765,yes
2023,38770,yes
2023,38780,yes
2023,38794,yes
2023,38999,yes
2023,39000,yes
2023,39010,yes
2023,39200,yes
2023,39220,yes
2023,39499,yes
2023,39501,yes
2023,39503,yes
2023,39540,yes
2023,39541,yes
2023,39545,yes
2023,39560,yes
2023,39561,yes
2023,39599,yes
2023,40500,yes
2023,40510,yes
2023,40520,yes
2023,40525,yes
2023,40527,yes
2023,40530,yes
2023,40650,yes
2023,40652,yes
2023,40654,yes
2023,40700,yes
2023,40701,yes
2023,40702,yes
2023,40720,yes
2023,40761,yes
2023,40799,yes
2023,40800,yes
2023,40801,yes
2023,40804,yes
2023,40805,yes
2023,40806,yes
2023,40810,yes
2023,40812,yes
2023,40814,yes
2023,40816,yes
2023,40818,yes
2023,40819,yes
2023,40820,yes
2023,40830,yes
2023,40831,yes
2023,40840,yes
2023,40842,yes
2023,40843,yes
2023,40844,yes
2023,40845,yes
2023,40899,yes
2023,41000,yes
2023,41005,yes
2023,41006,yes
2023,41007,yes
2023,41008,yes
2023,41009,yes
2023,41010,yes
2023,41015,yes
2023,41016,yes
2023,41017,yes
2023,41018,yes
2023,41110,yes
2023,41112,yes
2023,41113,yes
2023,41114,yes
2023,41115,yes
2023,41116,yes
2023,41120,yes
2023,41130,yes
2023,41135,yes
2023,41140,yes
2023,41145,yes
2023,41150,yes
2023,41153,yes
2023,41155,yes
2023,41250,yes
2023,41251,yes
2023,41252,yes
2023,41510,yes
2023,41512,yes
2023,41520,yes
2023,41530,yes
2023,41599,yes
2023,41800,yes
2023,41805,yes
2023,41806,yes
2023,41820,yes
2023,41821,yes
2023,41822,yes
2023,41823,yes
2023,41825,yes
2023,41826,yes
2023,41827,yes
2023,41828,yes
2023,41830,yes
2023,41850,yes
2023,41870,yes
2023,41872,yes
2023,41874,yes
2023,41899,yes
2023,42000,yes
2023,42104,yes
2023,42106,yes
2023,42107,yes
2023,42120,yes
2023,42140,yes
2023,42145,yes
2023,42160,yes
2023,42180,yes
2023,42182,yes
2023,42200,yes
2023,42205,yes
2023,42210,yes
2023,42215,yes
2023,42220,yes
2023,42225,yes
2023,42226,yes
2023,42227,yes
2023,42235,yes
2023,42260,yes
2023,42280,yes
2023,42281,yes
2023,42299,yes
2023,42300,yes
2023,42305,yes
2023,42310,yes
2023,42320,yes
2023,42330,yes
2023,42335,yes
2023,42340,yes
2023,42408,yes
2023,42409,yes
2023,42410,yes
2023,42415,yes
2023,42420,yes
2023,42425,yes
2023,42426,yes
2023,42440,yes
2023,42450,yes
2023,42500,yes
2023,42505,yes
2023,42507,yes
2023,42509,yes
2023,42510,yes
2023,42600,yes
2023,42650,yes
2023,42660,yes
2023,42665,yes
2023,42699,yes
2023,42700,yes
2023,42720,yes
2023,42725,yes
2023,42808,yes
2023,42809,yes
2023,42810,yes
2023,42815,yes
2023,42820,yes
2023,42821,yes
2023,42825,yes
2023,42826,yes
2023,42830,yes
2023,42831,yes
2023,42835,yes
2023,42836,yes
2023,42842,yes
2023,42844,yes
2023,42845,yes
2023,42860,yes
2023,42870,yes
2023,42890,yes
2023,42892,yes
2023,42894,yes
2023,42900,yes
2023,42950,yes
2023,42953,yes
2023,42955,yes
2023,42960,yes
2023,42961,yes
2023,42962,yes
2023,42970,yes
2023,42971,yes
2023,42972,yes
2023,42975,yes
2023,42999,yes
2023,43020,yes
2023,43030,yes
2023,43045,yes
2023,43100,yes
2023,43101,yes
2023,43107,yes
2023,43108,yes
2023,43112,yes
2023,43113,yes
2023,43116,yes
2023,43117,yes
2023,43118,yes
2023,43121,yes
2023,43122,yes
2023,43123,yes
2023,43124,yes
2023,43130,yes
2023,43135,yes
2023,43180,yes
2023,43191,yes
2023,43192,yes
2023,43194,yes
2023,43195,yes
2023,43196,yes
2023,43197,yes
2023,43200,yes
2023,43201,yes
2023,43202,yes
2023,43204,yes
2023,43205,yes
2023,43206,yes
2023,43210,yes
2023,43211,yes
2023,43212,yes
2023,43213,yes
2023,43214,yes
2023,43215,yes
2023,43216,yes
2023,43217,yes
2023,43220,yes
2023,43226,yes
2023,43227,yes
2023,43229,yes
2023,43231,yes
2023,43232,yes
2023,43233,yes
2023,43235,yes
2023,43236,yes
2023,43237,yes
2023,43238,yes
2023,43239,yes
2023,43240,yes
2023,43241,yes
2023,43242,yes
2023,43243,yes
2023,43244,yes
2023,43245,yes
2023,43246,yes
2023,43247,yes
2023,43248,yes
2023,43249,yes
2023,43250,yes
2023,43251,yes
2023,43252,yes
2023,43253,yes
2023,43254,yes
2023,43255,yes
2023,43257,yes
2023,43259,yes
2023,43260,yes
2023,43261,yes
2023,43262,yes
2023,43263,yes
2023,43264,yes
2023,43265,yes
2023,43266,yes
2023,43270,yes
2023,43274,yes
2023,43275,yes
2023,43276,yes
2023,43277,yes
2023,43278,yes
2023,43279,yes
2023,43280,yes
2023,43281,yes
2023,43282,yes
2023,43284,yes
2023,43285,yes
2023,43286,yes
2023,43287,yes
2023,43288,yes
2023,43289,yes
2023,43290,yes
2023,43291,yes
2023,43300,yes
2023,43305,yes
2023,43310,yes
2023,43312,yes
2023,43313,yes
2023,43314,yes
2023,43320,yes
2023,43325,yes
2023,43327,yes
2023,43328,yes
2023,43330,yes
2023,43331,yes
2023,43332,yes
2023,43333,yes
2023,43334,yes
2023,43335,yes
2023,43336,yes
2023,43337,yes
2023,43340,yes
2023,43341,yes
2023,43351,yes
2023,43352,yes
2023,43360,yes
2023,43361,yes
2023,43400,yes
2023,43405,yes
2023,43410,yes
2023,43415,yes
2023,43420,yes
2023,43425,yes
2023,43450,yes
2023,43453,yes
2023,43460,yes
2023,43496,yes
2023,43497,yes
2023,43499,yes
2023,43500,yes
2023,43501,yes
2023,43502,yes
2023,43510,yes
2023,43520,yes
2023,43610,yes
2023,43611,yes
2023,43620,yes
2023,43621,yes
2023,43622,yes
2023,43631,yes
2023,43632,yes
2023,43633,yes
2023,43634,yes
2023,43640,yes
2023,43641,yes
2023,43644,yes
2023,43645,yes
2023,43647,yes
2023,43648,yes
2023,43651,yes
2023,43652,yes
2023,43653,yes
2023,43659,yes
2023,43752,yes
2023,43753,yes
2023,43754,yes
2023,43755,yes
2023,43756,yes
2023,43757,yes
2023,43761,yes
2023,43762,yes
2023,43763,yes
2023,43770,yes
2023,43771,yes
2023,43772,yes
2023,43773,yes
2023,43774,yes
2023,43775,yes
2023,43800,yes
2023,43810,yes
2023,43820,yes
2023,43825,yes
2023,43830,yes
2023,43831,yes
2023,43832,yes
2023,43840,yes
2023,43842,yes
2023,43843,yes
2023,43845,yes
2023,43846,yes
2023,43847,yes
2023,43848,yes
2023,43860,yes
2023,43865,yes
2023,43870,yes
2023,43880,yes
2023,43881,yes
2023,43882,yes
2023,43886,yes
2023,43887,yes
2023,43888,yes
2023,43999,yes
2023,44005,yes
2023,44010,yes
2023,44020,yes
2023,44021,yes
2023,44025,yes
2023,44050,yes
2023,44055,yes
2023,44110,yes
2023,44111,yes
2023,44120,yes
2023,44125,yes
2023,44126,yes
2023,44127,yes
2023,44130,yes
2023,44135,yes
2023,44136,yes
2023,44137,yes
2023,44140,yes
2023,44141,yes
2023,44143,yes
2023,44144,yes
2023,44145,yes
2023,44146,yes
2023,44147,yes
2023,44150,yes
2023,44151,yes
2023,44155,yes
2023,44156,yes
2023,44157,yes
2023,44158,yes
2023,44160,yes
2023,44180,yes
2023,44186,yes
2023,44187,yes
2023,44188,yes
2023,44202,yes
2023,44204,yes
2023,44205,yes
2023,44206,yes
2023,44207,yes
2023,44208,yes
2023,44210,yes
2023,44211,yes
2023,44212,yes
2023,44227,yes
2023,44238,yes
2023,44300,yes
2023,44310,yes
2023,44312,yes
2023,44314,yes
2023,44316,yes
2023,44320,yes
2023,44322,yes
2023,44340,yes
2023,44345,yes
2023,44346,yes
2023,44360,yes
2023,44361,yes
2023,44363,yes
2023,44364,yes
2023,44365,yes
2023,44366,yes
2023,44369,yes
2023,44370,yes
2023,44372,yes
2023,44373,yes
2023,44376,yes
2023,44377,yes
2023,44378,yes
2023,44379,yes
2023,44380,yes
2023,44381,yes
2023,44382,yes
2023,44384,yes
2023,44385,yes
2023,44386,yes
2023,44388,yes
2023,44389,yes
2023,44390,yes
2023,44391,yes
2023,44392,yes
2023,44394,yes
2023,44401,yes
2023,44402,yes
2023,44403,yes
2023,44404,yes
2023,44405,yes
2023,44406,yes
2023,44407,yes
2023,44408,yes
2023,44500,yes
2023,44602,yes
2023,44603,yes
2023,44604,yes
2023,44605,yes
2023,44615,yes
2023,44620,yes
2023,44625,yes
2023,44626,yes
2023,44640,yes
2023,44650,yes
2023,44660,yes
2023,44661,yes
2023,44680,yes
2023,44700,yes
2023,44799,yes
2023,44800,yes
2023,44820,yes
2023,44850,yes
2023,44899,yes
2023,44900,yes
2023,44950,yes
2023,44960,yes
2023,44970,yes
2023,44979,yes
2023,45000,yes
2023,45005,yes
2023,45020,yes
2023,45108,yes
2023,45110,yes
2023,45111,yes
2023,45112,yes
2023,45113,yes
2023,45114,yes
2023,45116,yes
2023,45119,yes
2023,45120,yes
2023,45121,yes
2023,45123,yes
2023,45126,yes
2023,45130,yes
2023,45135,yes
2023,45136,yes
2023,45150,yes
2023,45160,yes
2023,45171,yes
2023,45172,yes
2023,45190,yes
2023,45300,yes
2023,45303,yes
2023,45305,yes
2023,45307,yes
2023,45308,yes
2023,45309,yes
2023,45315,yes
2023,45317,yes
2023,45320,yes
2023,45321,yes
2023,45327,yes
2023,45330,yes
2023,45331,yes
2023,45332,yes
2023,45333,yes
2023,45334,yes
2023,45335,yes
2023,45337,yes
2023,45338,yes
2023,45340,yes
2023,45341,yes
2023,45342,yes
2023,45346,yes
2023,45347,yes
2023,45349,yes
2023,45350,yes
2023,45378,yes
2023,45379,yes
2023,45380,yes
2023,45381,yes
2023,45382,yes
2023,45384,yes
2023,45385,yes
2023,45386,yes
2023,45388,yes
2023,45389,yes
2023,45390,yes
2023,45391,yes
2023,45392,yes
2023,45393,yes
2023,45395,yes
2023,45397,yes
2023,45398,yes
2023,45399,yes
2023,45400,yes
2023,45402,yes
2023,45499,yes
2023,45500,yes
2023,45505,yes
2023,45520,yes
2023,45540,yes
2023,45541,yes
2023,45550,yes
2023,45560,yes
2023,45562,yes
2023,45563,yes
2023,45800,yes
2023,45805,yes
2023,45820,yes
2023,45825,yes
2023,45900,yes
2023,45905,yes
2023,45910,yes
2023,45915,yes
2023,45990,yes
2023,45999,yes
2023,46020,yes
2023,46030,yes
2023,46040,yes
2023,46045,yes
2023,46050,yes
2023,46060,yes
2023,46070,yes
2023,46080,yes
2023,46083,yes
2023,46200,yes
2023,46220,yes
2023,46221,yes
2023,46230,yes
2023,46250,yes
2023,46255,yes
2023,46257,yes
2023,46258,yes
2023,46260,yes
2023,46261,yes
2023,46262,yes
2023,46270,yes
2023,46275,yes
2023,46280,yes
2023,46285,yes
2023,46288,yes
2023,46320,yes
2023,46500,yes
2023,46505,yes
2023,46600,yes
2023,46601,yes
2023,46604,yes
2023,46606,yes
2023,46607,yes
2023,46608,yes
2023,46610,yes
2023,46611,yes
2023,46612,yes
2023,46614,yes
2023,46615,yes
2023,46700,yes
2023,46705,yes
2023,46706,yes
2023,46707,yes
2023,46710,yes
2023,46712,yes
2023,46715,yes
2023,46716,yes
2023,46730,yes
2023,46735,yes
2023,46740,yes
2023,46742,yes
2023,46744,yes
2023,46746,yes
2023,46748,yes
2023,46750,yes
2023,46751,yes
2023,46753,yes
2023,46754,yes
2023,46760,yes
2023,46761,yes
2023,46900,yes
2023,46910,yes
2023,46916,yes
2023,46917,yes
2023,46922,yes
2023,46924,yes
2023,46930,yes
2023,46940,yes
2023,46942,yes
2023,46945,yes
2023,46946,yes
2023,46947,yes
2023,46948,yes
2023,46999,yes
2023,47010,yes
2023,47015,yes
2023,47120,yes
2023,47122,yes
2023,47125,yes
2023,47130,yes
2023,47135,yes
2023,47300,yes
2023,47350,yes
2023,47360,yes
2023,47361,yes
2023,47362,yes
2023,47370,yes
2023,47371,yes
2023,47379,yes
2023,47380,yes
2023,47381,yes
2023,47382,yes
2023,47383,yes
2023,47399,yes
2023,47400,yes
2023,47420,yes
2023,47425,yes
2023,47460,yes
2023,47480,yes
2023,47490,yes
2023,47533,yes
2023,47534,yes
2023,47535,yes
2023,47536,yes
2023,47537,yes
2023,47538,yes
2023,47539,yes
2023,47540,yes
2023,47552,yes
2023,47553,yes
2023,47554,yes
2023,47555,yes
2023,47556,yes
2023,47562,yes
2023,47563,yes
2023,47564,yes
2023,47570,yes
2023,47579,yes
2023,47600,yes
2023,47605,yes
2023,47610,yes
2023,47612,yes
2023,47620,yes
2023,47700,yes
2023,47701,yes
2023,47711,yes
2023,47712,yes
2023,47715,yes
2023,47720,yes
2023,47721,yes
2023,47740,yes
2023,47741,yes
2023,47760,yes
2023,47765,yes
2023,47780,yes
2023,47785,yes
2023,47800,yes
2023,47801,yes
2023,47802,yes
2023,47900,yes
2023,47999,yes
2023,48000,yes
2023,48001,yes
2023,48020,yes
2023,48105,yes
2023,48120,yes
2023,48140,yes
2023,48145,yes
2023,48146,yes
2023,48148,yes
2023,48150,yes
2023,48152,yes
2023,48153,yes
2023,48154,yes
2023,48155,yes
2023,48160,yes
2023,48500,yes
2023,48510,yes
2023,48520,yes
2023,48540,yes
2023,48545,yes
2023,48547,yes
2023,48548,yes
2023,48554,yes
2023,48556,yes
2023,48999,yes
2023,49000,yes
2023,49002,yes
2023,49010,yes
2023,49013,yes
2023,49014,yes
2023,49020,yes
2023,49040,yes
2023,49060,yes
2023,49062,yes
2023,49082,yes
2023,49083,yes
2023,49084,yes
2023,49185,yes
2023,49203,yes
2023,49204,yes
2023,49205,yes
2023,49215,yes
2023,49250,yes
2023,49255,yes
2023,49320,yes
2023,49321,yes
2023,49322,yes
2023,49323,yes
2023,49324,yes
2023,49325,yes
2023,49329,yes
2023,49402,yes
2023,49405,yes
2023,49406,yes
2023,49407,yes
2023,49418,yes
2023,49419,yes
2023,49421,yes
2023,49422,yes
2023,49423,yes
2023,49425,yes
2023,49426,yes
2023,49428,yes
2023,49429,yes
2023,49436,yes
2023,49440,yes
2023,49441,yes
2023,49442,yes
2023,49446,yes
2023,49450,yes
2023,49451,yes
2023,49452,yes
2023,49460,yes
2023,49491,yes
2023,49492,yes
2023,49495,yes
2023,49496,yes
2023,49500,yes
2023,49501,yes
2023,49505,yes
2023,49507,yes
2023,49520,yes
2023,49521,yes
2023,49525,yes
2023,49540,yes
2023,49550,yes
2023,49553,yes
2023,49555,yes
2023,49557,yes
2023,49591,yes
2023,49592,yes
2023,49593,yes
2023,49594,yes
2023,49595,yes
2023,49596,yes
2023,49600,yes
2023,49605,yes
2023,49606,yes
2023,49610,yes
2023,49611,yes
2023,49613,yes
2023,49614,yes
2023,49615,yes
2023,49616,yes
2023,49617,yes
2023,49618,yes
2023,49621,yes
2023,49622,yes
2023,49623,yes
2023,49650,yes
2023,49651,yes
2023,49659,yes
2023,49900,yes
2023,49904,yes
2023,49906,yes
2023,49999,yes
2023,50010,yes
2023,50020,yes
2023,50040,yes
2023,50045,yes
2023,50060,yes
2023,50065,yes
2023,50070,yes
2023,50075,yes
2023,50080,yes
2023,50081,yes
2023,50100,yes
2023,50120,yes
2023,50125,yes
2023,50130,yes
2023,50135,yes
2023,50220,yes
2023,50225,yes
2023,50230,yes
2023,50234,yes
2023,50236,yes
2023,50240,yes
2023,50250,yes
2023,50280,yes
2023,50290,yes
2023,50340,yes
2023,50360,yes
2023,50365,yes
2023,50370,yes
2023,50380,yes
2023,50382,yes
2023,50384,yes
2023,50385,yes
2023,50386,yes
2023,50387,yes
2023,50389,yes
2023,50390,yes
2023,50391,yes
2023,50396,yes
2023,50400,yes
2023,50405,yes
2023,50432,yes
2023,50433,yes
2023,50434,yes
2023,50435,yes
2023,50436,yes
2023,50437,yes
2023,50500,yes
2023,50520,yes
2023,50525,yes
2023,50526,yes
2023,50540,yes
2023,50541,yes
2023,50542,yes
2023,50543,yes
2023,50544,yes
2023,50545,yes
2023,50546,yes
2023,50548,yes
2023,50549,yes
2023,50551,yes
2023,50553,yes
2023,50555,yes
2023,50557,yes
2023,50561,yes
2023,50562,yes
2023,50570,yes
2023,50572,yes
2023,50574,yes
2023,50575,yes
2023,50576,yes
2023,50580,yes
2023,50590,yes
2023,50592,yes
2023,50593,yes
2023,50600,yes
2023,50605,yes
2023,50610,yes
2023,50620,yes
2023,50630,yes
2023,50650,yes
2023,50660,yes
2023,50686,yes
2023,50688,yes
2023,50693,yes
2023,50694,yes
2023,50695,yes
2023,50700,yes
2023,50715,yes
2023,50722,yes
2023,50725,yes
2023,50727,yes
2023,50728,yes
2023,50740,yes
2023,50750,yes
2023,50760,yes
2023,50770,yes
2023,50780,yes
2023,50782,yes
2023,50783,yes
2023,50785,yes
2023,50800,yes
2023,50810,yes
2023,50815,yes
2023,50820,yes
2023,50825,yes
2023,50830,yes
2023,50840,yes
2023,50845,yes
2023,50860,yes
2023,50900,yes
2023,50920,yes
2023,50930,yes
2023,50940,yes
2023,50945,yes
2023,50947,yes
2023,50948,yes
2023,50949,yes
2023,50951,yes
2023,50953,yes
2023,50955,yes
2023,50957,yes
2023,50961,yes
2023,50970,yes
2023,50972,yes
2023,50974,yes
2023,50976,yes
2023,50980,yes
2023,51020,yes
2023,51030,yes
2023,51040,yes
2023,51045,yes
2023,51050,yes
2023,51060,yes
2023,51065,yes
2023,51080,yes
2023,51100,yes
2023,51101,yes
2023,51102,yes
2023,51500,yes
2023,51520,yes
2023,51525,yes
2023,51530,yes
2023,51535,yes
2023,51550,yes
2023,51555,yes
2023,51565,yes
2023,51570,yes
2023,51575,yes
2023,51580,yes
2023,51585,yes
2023,51590,yes
2023,51595,yes
2023,51596,yes
2023,51597,yes
2023,51700,yes
2023,51701,yes
2023,51702,yes
2023,51703,yes
2023,51705,yes
2023,51710,yes
2023,51715,yes
2023,51720,yes
2023,51725,yes
2023,51726,yes
2023,51727,yes
2023,51728,yes
2023,51729,yes
2023,51736,yes
2023,51741,yes
2023,51784,yes
2023,51785,yes
2023,51792,yes
2023,51798,yes
2023,51800,yes
2023,51820,yes
2023,51840,yes
2023,51841,yes
2023,51845,yes
2023,51860,yes
2023,51865,yes
2023,51880,yes
2023,51900,yes
2023,51920,yes
2023,51925,yes
2023,51940,yes
2023,51960,yes
2023,51980,yes
2023,51990,yes
2023,51992,yes
2023,51999,yes
2023,52000,yes
2023,52001,yes
2023,52005,yes
2023,52007,yes
2023,52010,yes
2023,52204,yes
2023,52214,yes
2023,52224,yes
2023,52234,yes
2023,52235,yes
2023,52240,yes
2023,52250,yes
2023,52260,yes
2023,52265,yes
2023,52270,yes
2023,52275,yes
2023,52276,yes
2023,52277,yes
2023,52281,yes
2023,52282,yes
2023,52283,yes
2023,52285,yes
2023,52287,yes
2023,52290,yes
2023,52300,yes
2023,52301,yes
2023,52305,yes
2023,52310,yes
2023,52315,yes
2023,52317,yes
2023,52318,yes
2023,52320,yes
2023,52325,yes
2023,52327,yes
2023,52330,yes
2023,52332,yes
2023,52334,yes
2023,52341,yes
2023,52342,yes
2023,52343,yes
2023,52344,yes
2023,52345,yes
2023,52346,yes
2023,52351,yes
2023,52352,yes
2023,52353,yes
2023,52354,yes
2023,52355,yes
2023,52356,yes
2023,52400,yes
2023,52402,yes
2023,52441,yes
2023,52450,yes
2023,52500,yes
2023,52601,yes
2023,52630,yes
2023,52640,yes
2023,52647,yes
2023,52648,yes
2023,52649,yes
2023,52700,yes
2023,53000,yes
2023,53010,yes
2023,53020,yes
2023,53025,yes
2023,53040,yes
2023,53060,yes
2023,53080,yes
2023,53085,yes
2023,53210,yes
2023,53215,yes
2023,53220,yes
2023,53230,yes
2023,53235,yes
2023,53240,yes
2023,53250,yes
2023,53260,yes
2023,53265,yes
2023,53270,yes
2023,53275,yes
2023,53400,yes
2023,53405,yes
2023,53410,yes
2023,53415,yes
2023,53420,yes
2023,53425,yes
2023,53430,yes
2023,53431,yes
2023,53440,yes
2023,53442,yes
2023,53444,yes
2023,53445,yes
2023,53446,yes
2023,53447,yes
2023,53448,yes
2023,53449,yes
2023,53450,yes
2023,53451,yes
2023,53452,yes
2023,53453,yes
2023,53454,yes
2023,53460,yes
2023,53500,yes
2023,53502,yes
2023,53505,yes
2023,53510,yes
2023,53515,yes
2023,53520,yes
2023,53600,yes
2023,53601,yes
2023,53605,yes
2023,53620,yes
2023,53621,yes
2023,53660,yes
2023,53661,yes
2023,53665,yes
2023,53850,yes
2023,53852,yes
2023,53854,yes
2023,53855,yes
2023,53860,yes
2023,53899,yes
2023,54000,yes
2023,54001,yes
2023,54015,yes
2023,54050,yes
2023,54055,yes
2023,54056,yes
2023,54057,yes
2023,54060,yes
2023,54065,yes
2023,54110,yes
2023,54111,yes
2023,54112,yes
2023,54115,yes
2023,54120,yes
2023,54125,yes
2023,54130,yes
2023,54135,yes
2023,54150,yes
2023,54160,yes
2023,54161,yes
2023,54162,yes
2023,54163,yes
2023,54164,yes
2023,54200,yes
2023,54205,yes
2023,54220,yes
2023,54231,yes
2023,54235,yes
2023,54240,yes
2023,54250,yes
2023,54300,yes
2023,54304,yes
2023,54308,yes
2023,54312,yes
2023,54316,yes
2023,54318,yes
2023,54322,yes
2023,54324,yes
2023,54326,yes
2023,54328,yes
2023,54332,yes
2023,54336,yes
2023,54340,yes
2023,54344,yes
2023,54348,yes
2023,54352,yes
2023,54360,yes
2023,54380,yes
2023,54385,yes
2023,54390,yes
2023,54400,yes
2023,54401,yes
2023,54405,yes
2023,54406,yes
2023,54408,yes
2023,54410,yes
2023,54411,yes
2023,54415,yes
2023,54416,yes
2023,54417,yes
2023,54420,yes
2023,54430,yes
2023,54435,yes
2023,54437,yes
2023,54438,yes
2023,54440,yes
2023,54450,yes
2023,54512,yes
2023,54520,yes
2023,54522,yes
2023,54530,yes
2023,54535,yes
2023,54550,yes
2023,54560,yes
2023,54600,yes
2023,54620,yes
2023,54640,yes
2023,54650,yes
2023,54660,yes
2023,54670,yes
2023,54680,yes
2023,54690,yes
2023,54692,yes
2023,54699,yes
2023,54700,yes
2023,54830,yes
2023,54840,yes
2023,54860,yes
2023,54861,yes
2023,54865,yes
2023,54900,yes
2023,54901,yes
2023,55000,yes
2023,55040,yes
2023,55041,yes
2023,55060,yes
2023,55100,yes
2023,55110,yes
2023,55120,yes
2023,55150,yes
2023,55175,yes
2023,55180,yes
2023,55200,yes
2023,55250,yes
2023,55300,yes
2023,55400,yes
2023,55500,yes
2023,55520,yes
2023,55530,yes
2023,55535,yes
2023,55540,yes
2023,55550,yes
2023,55559,yes
2023,55600,yes
2023,55605,yes
2023,55650,yes
2023,55680,yes
2023,55720,yes
2023,55725,yes
2023,55801,yes
2023,55810,yes
2023,55812,yes
2023,55815,yes
2023,55821,yes
2023,55831,yes
2023,55840,yes
2023,55842,yes
2023,55845,yes
2023,55865,yes
2023,55866,yes
2023,55867,yes
2023,55870,yes
2023,55873,yes
2023,55875,yes
2023,55880,yes
2023,55899,yes
2023,55970,yes
2023,55980,yes
2023,56405,yes
2023,56420,yes
2023,56440,yes
2023,56441,yes
2023,56442,yes
2023,56501,yes
2023,56515,yes
2023,56620,yes
2023,56625,yes
2023,56630,yes
2023,56631,yes
2023,56632,yes
2023,56633,yes
2023,56634,yes
2023,56637,yes
2023,56640,yes
2023,56700,yes
2023,56740,yes
2023,56800,yes
2023,56805,yes
2023,56810,yes
2023,56820,yes
2023,56821,yes
2023,57000,yes
2023,57010,yes
2023,57020,yes
2023,57022,yes
2023,57023,yes
2023,57061,yes
2023,57065,yes
2023,57106,yes
2023,57107,yes
2023,57109,yes
2023,57110,yes
2023,57111,yes
2023,57120,yes
2023,57130,yes
2023,57135,yes
2023,57150,yes
2023,57155,yes
2023,57156,yes
2023,57160,yes
2023,57170,yes
2023,57180,yes
2023,57200,yes
2023,57210,yes
2023,57220,yes
2023,57230,yes
2023,57240,yes
2023,57250,yes
2023,57260,yes
2023,57265,yes
2023,57268,yes
2023,57270,yes
2023,57280,yes
2023,57282,yes
2023,57283,yes
2023,57284,yes
2023,57285,yes
2023,57287,yes
2023,57288,yes
2023,57289,yes
2023,57291,yes
2023,57292,yes
2023,57295,yes
2023,57296,yes
2023,57300,yes
2023,57305,yes
2023,57307,yes
2023,57308,yes
2023,57310,yes
2023,57311,yes
2023,57320,yes
2023,57330,yes
2023,57335,yes
2023,57400,yes
2023,57410,yes
2023,57415,yes
2023,57420,yes
2023,57423,yes
2023,57425,yes
2023,57426,yes
2023,57452,yes
2023,57456,yes
2023,57461,yes
2023,57505,yes
2023,57510,yes
2023,57511,yes
2023,57513,yes
2023,57520,yes
2023,57522,yes
2023,57530,yes
2023,57531,yes
2023,57540,yes
2023,57545,yes
2023,57550,yes
2023,57555,yes
2023,57556,yes
2023,57558,yes
2023,57700,yes
2023,57720,yes
2023,57800,yes
2023,58120,yes
2023,58140,yes
2023,58145,yes
2023,58146,yes
2023,58150,yes
2023,58152,yes
2023,58180,yes
2023,58200,yes
2023,58210,yes
2023,58240,yes
2023,58260,yes
2023,58262,yes
2023,58263,yes
2023,58267,yes
2023,58270,yes
2023,58275,yes
2023,58280,yes
2023,58285,yes
2023,58290,yes
2023,58291,yes
2023,58292,yes
2023,58294,yes
2023,58300,yes
2023,58301,yes
2023,58321,yes
2023,58322,yes
2023,58323,yes
2023,58345,yes
2023,58346,yes
2023,58353,yes
2023,58356,yes
2023,58400,yes
2023,58410,yes
2023,58520,yes
2023,58540,yes
2023,58541,yes
2023,58542,yes
2023,58543,yes
2023,58544,yes
2023,58545,yes
2023,58546,yes
2023,58548,yes
2023,58550,yes
2023,58552,yes
2023,58553,yes
2023,58554,yes
2023,58555,yes
2023,58558,yes
2023,58559,yes
2023,58560,yes
2023,58561,yes
2023,58562,yes
2023,58563,yes
2023,58565,yes
2023,58570,yes
2023,58571,yes
2023,58572,yes
2023,58573,yes
2023,58575,yes
2023,58578,yes
2023,58579,yes
2023,58600,yes
2023,58605,yes
2023,58615,yes
2023,58660,yes
2023,58661,yes
2023,58662,yes
2023,58670,yes
2023,58671,yes
2023,58672,yes
2023,58673,yes
2023,58674,yes
2023,58679,yes
2023,58700,yes
2023,58720,yes
2023,58740,yes
2023,58750,yes
2023,58752,yes
2023,58760,yes
2023,58770,yes
2023,58800,yes
2023,58805,yes
2023,58820,yes
2023,58822,yes
2023,58825,yes
2023,58920,yes
2023,58925,yes
2023,58940,yes
2023,58943,yes
2023,58950,yes
2023,58951,yes
2023,58952,yes
2023,58953,yes
2023,58954,yes
2023,58956,yes
2023,58957,yes
2023,58958,yes
2023,58960,yes
2023,58970,yes
2023,58974,yes
2023,58976,yes
2023,58999,yes
2023,59000,yes
2023,59001,yes
2023,59012,yes
2023,59015,yes
2023,59020,yes
2023,59025,yes
2023,59030,yes
2023,59050,yes
2023,59051,yes
2023,59070,yes
2023,59072,yes
2023,59074,yes
2023,59076,yes
2023,59100,yes
2023,59120,yes
2023,59121,yes
2023,59130,yes
2023,59136,yes
2023,59140,yes
2023,59150,yes
2023,59151,yes
2023,59160,yes
2023,59200,yes
2023,59300,yes
2023,59320,yes
2023,59325,yes
2023,59350,yes
2023,59400,yes
2023,59409,yes
2023,59410,yes
2023,59412,yes
2023,59414,yes
2023,59425,yes
2023,59426,yes
2023,59430,yes
2023,59510,yes
2023,59514,yes
2023,59515,yes
2023,59610,yes
2023,59612,yes
2023,59614,yes
2023,59618,yes
2023,59620,yes
2023,59622,yes
2023,59820,yes
2023,59821,yes
2023,59830,yes
2023,59870,yes
2023,59871,yes
2023,59897,yes
2023,59898,yes
2023,59899,yes
2023,60000,yes
2023,60200,yes
2023,60210,yes
2023,60212,yes
2023,60220,yes
2023,60225,yes
2023,60240,yes
2023,60252,yes
2023,60254,yes
2023,60260,yes
2023,60270,yes
2023,60271,yes
2023,60280,yes
2023,60281,yes
2023,60300,yes
2023,60500,yes
2023,60502,yes
2023,60505,yes
2023,60520,yes
2023,60521,yes
2023,60522,yes
2023,60540,yes
2023,60545,yes
2023,60600,yes
2023,60605,yes
2023,60650,yes
2023,60659,yes
2023,60699,yes
2023,61000,yes
2023,61001,yes
2023,61020,yes
2023,61026,yes
2023,61050,yes
2023,61055,yes
2023,61070,yes
2023,61107,yes
2023,61108,yes
2023,61140,yes
2023,61150,yes
2023,61151,yes
2023,61154,yes
2023,61156,yes
2023,61210,yes
2023,61215,yes
2023,61250,yes
2023,61304,yes
2023,61305,yes
2023,61312,yes
2023,61313,yes
2023,61314,yes
2023,61315,yes
2023,61320,yes
2023,61321,yes
2023,61322,yes
2023,61323,yes
2023,61330,yes
2023,61333,yes
2023,61340,yes
2023,61343,yes
2023,61345,yes
2023,61450,yes
2023,61458,yes
2023,61460,yes
2023,61500,yes
2023,61501,yes
2023,61510,yes
2023,61512,yes
2023,61514,yes
2023,61516,yes
2023,61518,yes
2023,61519,yes
2023,61520,yes
2023,61521,yes
2023,61522,yes
2023,61524,yes
2023,61526,yes
2023,61530,yes
2023,61531,yes
2023,61533,yes
2023,61534,yes
2023,61535,yes
2023,61536,yes
2023,61537,yes
2023,61538,yes
2023,61539,yes
2023,61540,yes
2023,61541,yes
2023,61543,yes
2023,61544,yes
2023,61545,yes
2023,61546,yes
2023,61548,yes
2023,61550,yes
2023,61552,yes
2023,61556,yes
2023,61557,yes
2023,61558,yes
2023,61559,yes
2023,61563,yes
2023,61564,yes
2023,61566,yes
2023,61567,yes
2023,61570,yes
2023,61571,yes
2023,61575,yes
2023,61576,yes
2023,61580,yes
2023,61581,yes
2023,61582,yes
2023,61583,yes
2023,61584,yes
2023,61585,yes
2023,61586,yes
2023,61590,yes
2023,61591,yes
2023,61592,yes
2023,61595,yes
2023,61596,yes
2023,61597,yes
2023,61598,yes
2023,61600,yes
2023,61601,yes
2023,61605,yes
2023,61606,yes
2023,61607,yes
2023,61608,yes
2023,61613,yes
2023,61615,yes
2023,61616,yes
2023,61618,yes
2023,61619,yes
2023,61623,yes
2023,61624,yes
2023,61626,yes
2023,61630,yes
2023,61635,yes
2023,61640,yes
2023,61645,yes
2023,61650,yes
2023,61680,yes
2023,61682,yes
2023,61684,yes
2023,61686,yes
2023,61690,yes
2023,61692,yes
2023,61697,yes
2023,61698,yes
2023,61700,yes
2023,61702,yes
2023,61703,yes
2023,61705,yes
2023,61708,yes
2023,61710,yes
2023,61711,yes
2023,61720,yes
2023,61735,yes
2023,61736,yes
2023,61737,yes
2023,61751,yes
2023,61760,yes
2023,61770,yes
2023,61790,yes
2023,61791,yes
2023,61796,yes
2023,61798,yes
2023,61850,yes
2023,61860,yes
2023,61863,yes
2023,61867,yes
2023,61880,yes
2023,61885,yes
2023,61886,yes
2023,61888,yes
2023,62000,yes
2023,62005,yes
2023,62010,yes
2023,62100,yes
2023,62115,yes
2023,62117,yes
2023,62120,yes
2023,62121,yes
2023,62140,yes
2023,62141,yes
2023,62142,yes
2023,62143,yes
2023,62145,yes
2023,62146,yes
2023,62147,yes
2023,62161,yes
2023,62162,yes
2023,62164,yes
2023,62165,yes
2023,62180,yes
2023,62190,yes
2023,62192,yes
2023,62194,yes
2023,62200,yes
2023,62201,yes
2023,62220,yes
2023,62223,yes
2023,62225,yes
2023,62230,yes
2023,62252,yes
2023,62256,yes
2023,62258,yes
2023,62263,yes
2023,62264,yes
2023,62268,yes
2023,62272,yes
2023,62273,yes
2023,62280,yes
2023,62281,yes
2023,62282,yes
2023,62287,yes
2023,62292,yes
2023,62294,yes
2023,62320,yes
2023,62321,yes
2023,62322,yes
2023,62323,yes
2023,62324,yes
2023,62325,yes
2023,62326,yes
2023,62327,yes
2023,62329,yes
2023,62350,yes
2023,62351,yes
2023,62355,yes
2023,62360,yes
2023,62361,yes
2023,62362,yes
2023,62365,yes
2023,62367,yes
2023,62368,yes
2023,62369,yes
2023,62370,yes
2023,62380,yes
2023,63001,yes
2023,63003,yes
2023,63005,yes
2023,63011,yes
2023,63012,yes
2023,63015,yes
2023,63016,yes
2023,63017,yes
2023,63020,yes
2023,63030,yes
2023,63040,yes
2023,63042,yes
2023,63045,yes
2023,63046,yes
2023,63047,yes
2023,63050,yes
2023,63051,yes
2023,63055,yes
2023,63056,yes
2023,63064,yes
2023,63075,yes
2023,63077,yes
2023,63081,yes
2023,63085,yes
2023,63087,yes
2023,63090,yes
2023,63101,yes
2023,63102,yes
2023,63170,yes
2023,63172,yes
2023,63173,yes
2023,63185,yes
2023,63190,yes
2023,63191,yes
2023,63197,yes
2023,63200,yes
2023,63250,yes
2023,63251,yes
2023,63252,yes
2023,63265,yes
2023,63266,yes
2023,63267,yes
2023,63268,yes
2023,63270,yes
2023,63271,yes
2023,63272,yes
2023,63273,yes
2023,63275,yes
2023,63276,yes
2023,63277,yes
2023,63278,yes
2023,63280,yes
2023,63281,yes
2023,63282,yes
2023,63283,yes
2023,63285,yes
2023,63286,yes
2023,63287,yes
2023,63290,yes
2023,63300,yes
2023,63301,yes
2023,63302,yes
2023,63303,yes
2023,63304,yes
2023,63305,yes
2023,63306,yes
2023,63307,yes
2023,63600,yes
2023,63610,yes
2023,63620,yes
2023,63650,yes
2023,63655,yes
2023,63661,yes
2023,63662,yes
2023,63663,yes
2023,63664,yes
2023,63685,yes
2023,63688,yes
2023,63700,yes
2023,63702,yes
2023,63704,yes
2023,63706,yes
2023,63707,yes
2023,63709,yes
2023,63710,yes
2023,63740,yes
2023,63741,yes
2023,63744,yes
2023,63746,yes
2023,64400,yes
2023,64405,yes
2023,64408,yes
2023,64415,yes
2023,64416,yes
2023,64417,yes
2023,64418,yes
2023,64420,yes
2023,64425,yes
2023,64430,yes
2023,64435,yes
2023,64445,yes
2023,64446,yes
2023,64447,yes
2023,64448,yes
2023,64449,yes
2023,64450,yes
2023,64451,yes
2023,64454,yes
2023,64455,yes
2023,64479,yes
2023,64483,yes
2023,64486,yes
2023,64487,yes
2023,64488,yes
2023,64489,yes
2023,64490,yes
2023,64493,yes
2023,64505,yes
2023,64510,yes
2023,64517,yes
2023,64520,yes
2023,64530,yes
2023,64553,yes
2023,64555,yes
2023,64561,yes
2023,64566,yes
2023,64568,yes
2023,64569,yes
2023,64570,yes
2023,64575,yes
2023,64580,yes
2023,64581,yes
2023,64582,yes
2023,64583,yes
2023,64584,yes
2023,64585,yes
2023,64590,yes
2023,64595,yes
2023,64600,yes
2023,64605,yes
2023,64610,yes
2023,64611,yes
2023,64612,yes
2023,64615,yes
2023,64616,yes
2023,64617,yes
2023,64620,yes
2023,64624,yes
2023,64625,yes
2023,64628,yes
2023,64630,yes
2023,64632,yes
2023,64633,yes
2023,64635,yes
2023,64640,yes
2023,64642,yes
2023,64644,yes
2023,64646,yes
2023,64647,yes
2023,64650,yes
2023,64653,yes
2023,64680,yes
2023,64681,yes
2023,64702,yes
2023,64704,yes
2023,64708,yes
2023,64712,yes
2023,64713,yes
2023,64714,yes
2023,64716,yes
2023,64718,yes
2023,64719,yes
2023,64721,yes
2023,64722,yes
2023,64726,yes
2023,64732,yes
2023,64734,yes
2023,64736,yes
2023,64738,yes
2023,64740,yes
2023,64742,yes
2023,64744,yes
2023,64746,yes
2023,64755,yes
2023,64760,yes
2023,64763,yes
2023,64766,yes
2023,64771,yes
2023,64772,yes
2023,64774,yes
2023,64776,yes
2023,64782,yes
2023,64784,yes
2023,64786,yes
2023,64788,yes
2023,64790,yes
2023,64792,yes
2023,64802,yes
2023,64804,yes
2023,64809,yes
2023,64818,yes
2023,64820,yes
2023,64821,yes
2023,64822,yes
2023,64823,yes
2023,64831,yes
2023,64834,yes
2023,64835,yes
2023,64836,yes
2023,64840,yes
2023,64856,yes
2023,64857,yes
2023,64858,yes
2023,64861,yes
2023,64862,yes
2023,64864,yes
2023,64865,yes
2023,64866,yes
2023,64868,yes
2023,64885,yes
2023,64886,yes
2023,64890,yes
2023,64891,yes
2023,64892,yes
2023,64893,yes
2023,64895,yes
2023,64896,yes
2023,64897,yes
2023,64898,yes
2023,64905,yes
2023,64907,yes
2023,64910,yes
2023,64911,yes
2023,64912,yes
2023,64999,yes
2023,65091,yes
2023,65093,yes
2023,65101,yes
2023,65103,yes
2023,65105,yes
2023,65110,yes
2023,65112,yes
2023,65114,yes
2023,65125,yes
2023,65130,yes
2023,65135,yes
2023,65140,yes
2023,65150,yes
2023,65155,yes
2023,65175,yes
2023,65205,yes
2023,65210,yes
2023,65220,yes
2023,65222,yes
2023,65235,yes
2023,65260,yes
2023,65265,yes
2023,65270,yes
2023,65272,yes
2023,65273,yes
2023,65275,yes
2023,65280,yes
2023,65285,yes
2023,65286,yes
2023,65290,yes
2023,65400,yes
2023,65420,yes
2023,65426,yes
2023,65430,yes
2023,65435,yes
2023,65436,yes
2023,65450,yes
2023,65600,yes
2023,65710,yes
2023,65730,yes
2023,65750,yes
2023,65755,yes
2023,65756,yes
2023,65760,yes
2023,65765,yes
2023,65767,yes
2023,65770,yes
2023,65771,yes
2023,65772,yes
2023,65775,yes
2023,65778,yes
2023,65779,yes
2023,65780,yes
2023,65781,yes
2023,65782,yes
2023,65785,yes
2023,65800,yes
2023,65810,yes
2023,65815,yes
2023,65820,yes
2023,65850,yes
2023,65855,yes
2023,65860,yes
2023,65865,yes
2023,65870,yes
2023,65875,yes
2023,65880,yes
2023,65900,yes
2023,65920,yes
2023,65930,yes
2023,66020,yes
2023,66030,yes
2023,66130,yes
2023,66150,yes
2023,66155,yes
2023,66160,yes
2023,66170,yes
2023,66172,yes
2023,66174,yes
2023,66175,yes
2023,66179,yes
2023,66180,yes
2023,66183,yes
2023,66184,yes
2023,66185,yes
2023,66225,yes
2023,66250,yes
2023,66500,yes
2023,66505,yes
2023,66600,yes
2023,66605,yes
2023,66625,yes
2023,66630,yes
2023,66635,yes
2023,66680,yes
2023,66682,yes
2023,66700,yes
2023,66710,yes
2023,66711,yes
2023,66720,yes
2023,66740,yes
2023,66761,yes
2023,66762,yes
2023,66770,yes
2023,66820,yes
2023,66821,yes
2023,66825,yes
2023,66830,yes
2023,66840,yes
2023,66850,yes
2023,66852,yes
2023,66920,yes
2023,66930,yes
2023,66940,yes
2023,66982,yes
2023,66983,yes
2023,66984,yes
2023,66985,yes
2023,66986,yes
2023,66987,yes
2023,66988,yes
2023,66989,yes
2023,66991,yes
2023,66999,yes
2023,67005,yes
2023,67010,yes
2023,67015,yes
2023,67025,yes
2023,67027,yes
2023,67028,yes
2023,67030,yes
2023,67031,yes
2023,67036,yes
2023,67039,yes
2023,67040,yes
2023,67041,yes
2023,67042,yes
2023,67043,yes
2023,67101,yes
2023,67105,yes
2023,67107,yes
2023,67108,yes
2023,67110,yes
2023,67113,yes
2023,67115,yes
2023,67120,yes
2023,67121,yes
2023,67141,yes
2023,67145,yes
2023,67208,yes
2023,67210,yes
2023,67218,yes
2023,67220,yes
2023,67221,yes
2023,67227,yes
2023,67228,yes
2023,67229,yes
2023,67250,yes
2023,67255,yes
2023,67299,yes
2023,67311,yes
2023,67312,yes
2023,67314,yes
2023,67316,yes
2023,67318,yes
2023,67343,yes
2023,67345,yes
2023,67399,yes
2023,67400,yes
2023,67405,yes
2023,67412,yes
2023,67413,yes
2023,67414,yes
2023,67415,yes
2023,67420,yes
2023,67430,yes
2023,67440,yes
2023,67445,yes
2023,67450,yes
2023,67500,yes
2023,67505,yes
2023,67515,yes
2023,67550,yes
2023,67560,yes
2023,67570,yes
2023,67599,yes
2023,67700,yes
2023,67710,yes
2023,67715,yes
2023,67800,yes
2023,67801,yes
2023,67805,yes
2023,67808,yes
2023,67820,yes
2023,67825,yes
2023,67830,yes
2023,67835,yes
2023,67840,yes
2023,67850,yes
2023,67875,yes
2023,67880,yes
2023,67882,yes
2023,67900,yes
2023,67901,yes
2023,67902,yes
2023,67903,yes
2023,67904,yes
2023,67906,yes
2023,67908,yes
2023,67909,yes
2023,67911,yes
2023,67912,yes
2023,67914,yes
2023,67915,yes
2023,67916,yes
2023,67917,yes
2023,67921,yes
2023,67922,yes
2023,67923,yes
2023,67924,yes
2023,67930,yes
2023,67935,yes
2023,67938,yes
2023,67950,yes
2023,67961,yes
2023,67966,yes
2023,67971,yes
2023,67973,yes
2023,67974,yes
2023,67975,yes
2023,67999,yes
2023,68020,yes
2023,68040,yes
2023,68110,yes
2023,68115,yes
2023,68130,yes
2023,68135,yes
2023,68200,yes
2023,68320,yes
2023,68325,yes
2023,68326,yes
2023,68328,yes
2023,68330,yes
2023,68335,yes
2023,68340,yes
2023,68360,yes
2023,68362,yes
2023,68399,yes
2023,68400,yes
2023,68420,yes
2023,68440,yes
2023,68500,yes
2023,68505,yes
2023,68520,yes
2023,68530,yes
2023,68540,yes
2023,68550,yes
2023,68700,yes
2023,68705,yes
2023,68720,yes
2023,68745,yes
2023,68750,yes
2023,68760,yes
2023,68761,yes
2023,68770,yes
2023,68801,yes
2023,68810,yes
2023,68811,yes
2023,68815,yes
2023,68816,yes
2023,68840,yes
2023,68841,yes
2023,68899,yes
2023,69000,yes
2023,69005,yes
2023,69020,yes
2023,69090,yes
2023,69110,yes
2023,69120,yes
2023,69140,yes
2023,69145,yes
2023,69150,yes
2023,69155,yes
2023,69200,yes
2023,69205,yes
2023,69209,yes
2023,69210,yes
2023,69220,yes
2023,69222,yes
2023,69300,yes
2023,69310,yes
2023,69320,yes
2023,69399,yes
2023,69420,yes
2023,69421,yes
2023,69424,yes
2023,69433,yes
2023,69436,yes
2023,69440,yes
2023,69450,yes
2023,69501,yes
2023,69502,yes
2023,69505,yes
2023,69511,yes
2023,69530,yes
2023,69535,yes
2023,69540,yes
2023,69550,yes
2023,69552,yes
2023,69554,yes
2023,69601,yes
2023,69602,yes
2023,69603,yes
2023,69604,yes
2023,69610,yes
2023,69620,yes
2023,69631,yes
2023,69632,yes
2023,69633,yes
2023,69635,yes
2023,69636,yes
2023,69637,yes
2023,69641,yes
2023,69642,yes
2023,69643,yes
2023,69644,yes
2023,69645,yes
2023,69646,yes
2023,69650,yes
2023,69660,yes
2023,69661,yes
2023,69662,yes
2023,69666,yes
2023,69667,yes
2023,69670,yes
2023,69676,yes
2023,69700,yes
2023,69705,yes
2023,69706,yes
2023,69710,yes
2023,69711,yes
2023,69714,yes
2023,69716,yes
2023,69717,yes
2023,69719,yes
2023,69720,yes
2023,69725,yes
2023,69726,yes
2023,69727,yes
2023,69728,yes
2023,69729,yes
2023,69730,yes
2023,69740,yes
2023,69745,yes
2023,69799,yes
2023,69801,yes
2023,69805,yes
2023,69806,yes
2023,69905,yes
2023,69910,yes
2023,69915,yes
2023,69930,yes
2023,69949,yes
2023,69950,yes
2023,69955,yes
2023,69960,yes
2023,69970,yes
2023,69979,yes
2023,90791,yes
2023,90792,yes
2023,90832,yes
2023,90834,yes
2023,90837,yes
2023,90839,yes
2023,90845,yes
2023,90846,yes
2023,90847,yes
2023,90849,yes
2023,90853,yes
2023,90865,yes
2023,90867,yes
2023,90868,yes
2023,90869,yes
2023,90870,yes
2023,90875,yes
2023,90876,yes
2023,90880,yes
2023,90901,yes
2023,90912,yes
2023,90935,yes
2023,90937,yes
2023,90940,yes
2023,90945,yes
2023,90947,yes
2023,90951,yes
2023,90952,yes
2023,90953,yes
2023,90954,yes
2023,90955,yes
2023,90956,yes
2023,90957,yes
2023,90958,yes
2023,90959,yes
2023,90960,yes
2023,90961,yes
2023,90962,yes
2023,90963,yes
2023,90964,yes
2023,90965,yes
2023,90966,yes
2023,90967,yes
2023,90968,yes
2023,90969,yes
2023,90970,yes
2023,90989,yes
2023,90993,yes
2023,90997,yes
2023,90999,yes
2023,91113,yes
2023,92002,yes
2023,92004,yes
2023,92012,yes
2023,92014,yes
2023,92015,yes
2023,92018,yes
2023,92019,yes
2023,92020,yes
2023,92025,yes
2023,92060,yes
2023,92065,yes
2023,92066,yes
2023,92071,yes
2023,92072,yes
2023,92081,yes
2023,92082,yes
2023,92083,yes
2023,92100,yes
2023,92132,yes
2023,92133,yes
2023,92134,yes
2023,92136,yes
2023,92145,yes
2023,92201,yes
2023,92202,yes
2023,92227,yes
2023,92228,yes
2023,92229,yes
2023,92230,yes
2023,92235,yes
2023,92240,yes
2023,92242,yes
2023,92250,yes
2023,92260,yes
2023,92265,yes
2023,92270,yes
2023,92273,yes
2023,92274,yes
2023,92283,yes
2023,92284,yes
2023,92285,yes
2023,92286,yes
2023,92287,yes
2023,92502,yes
2023,92504,yes
2023,92507,yes
2023,92508,yes
2023,92517,yes
2023,92518,yes
2023,92519,yes
2023,92521,yes
2023,92522,yes
2023,92523,yes
2023,92524,yes
2023,92526,yes
2023,92550,yes
2023,92551,yes
2023,92552,yes
2023,92553,yes
2023,92555,yes
2023,92556,yes
2023,92557,yes
2023,92558,yes
2023,92562,yes
2023,92563,yes
2023,92565,yes
2023,92567,yes
2023,92568,yes
2023,92570,yes
2023,92571,yes
2023,92572,yes
2023,92575,yes
2023,92576,yes
2023,92577,yes
2023,92579,yes
2023,92582,yes
2023,92583,yes
2023,92584,yes
2023,92587,yes
2023,92588,yes
2023,92590,yes
2023,92591,yes
2023,92592,yes
2023,92593,yes
2023,92594,yes
2023,92595,yes
2023,92601,yes
2023,92602,yes
2023,92603,yes
2023,92604,yes
2023,92605,yes
2023,92606,yes
2023,92607,yes
2023,92609,yes
2023,92620,yes
2023,92625,yes
2023,92626,yes
2023,92630,yes
2023,92633,yes
2023,92640,yes
2023,92650,yes
2023,92651,yes
2023,92652,yes
2023,92653,yes
2023,92700,yes
2023,92920,yes
2023,92924,yes
2023,92928,yes
2023,92933,yes
2023,92937,yes
2023,92941,yes
2023,92943,yes
2023,92950,yes
2023,92953,yes
2023,92960,yes
2023,92961,yes
2023,92970,yes
2023,92971,yes
2023,92975,yes
2023,92977,yes
2023,92986,yes
2023,92987,yes
2023,92990,yes
2023,92997,yes
2023,93260,yes
2023,93261,yes
2023,93264,yes
2023,93279,yes
2023,93280,yes
2023,93281,yes
2023,93282,yes
2023,93283,yes
2023,93284,yes
2023,93285,yes
2023,93286,yes
2023,93287,yes
2023,93288,yes
2023,93289,yes
2023,93290,yes
2023,93291,yes
2023,93292,yes
2023,93451,yes
2023,93452,yes
2023,93453,yes
2023,93454,yes
2023,93455,yes
2023,93456,yes
2023,93457,yes
2023,93458,yes
2023,93459,yes
2023,93460,yes
2023,93461,yes
2023,93503,yes
2023,93580,yes
2023,93581,yes
2023,93582,yes
2023,93583,yes
2023,93590,yes
2023,93591,yes
2023,93593,yes
2023,93594,yes
2023,93595,yes
2023,93596,yes
2023,93597,yes
2023,93650,yes
2023,93653,yes
2023,93654,yes
2023,93656,yes
2023,93797,yes
2023,93798,yes
2023,94002,yes
2023,94003,yes
2023,94004,yes
2023,94005,yes
2023,94610,yes
2023,94625,yes
2023,94626,yes
2023,94640,yes
2023,94642,yes
2023,94644,yes
2023,94660,yes
2023,94662,yes
2023,94664,yes
2023,94667,yes
2023,94668,yes
2023,94669,yes
2023,95115,yes
2023,95117,yes
2023,95120,yes
2023,95125,yes
2023,95130,yes
2023,95131,yes
2023,95132,yes
2023,95133,yes
2023,95134,yes
2023,95144,yes
2023,95145,yes
2023,95146,yes
2023,95147,yes
2023,95148,yes
2023,95149,yes
2023,95165,yes
2023,95170,yes
2023,95180,yes
2023,95199,yes
2023,95836,yes
2023,95919,yes
2023,95976,yes
2023,95977,yes
2023,95983,yes
2023,95991,yes
2023,95992,yes
2023,96004,yes
2023,96020,yes
2023,96040,yes
2023,96105,yes
2023,96110,yes
2023,96112,yes
2023,96116,yes
2023,96125,yes
2023,96130,yes
2023,96132,yes
2023,96401,yes
2023,96402,yes
2023,96405,yes
2023,96406,yes
2023,96440,yes
2023,96450,yes
2023,96521,yes
2023,96522,yes
2023,96523,yes
2023,96542,yes
2023,96549,yes
2023,96567,yes
2023,96573,yes
2023,96574,yes
2023,96900,yes
2023,96910,yes
2023,96912,yes
2023,96913,yes
2023,96920,yes
2023,96921,yes
2023,96922,yes
2023,96999,yes
2023,97010,yes
2023,97012,yes
2023,97014,yes
2023,97016,yes
2023,97018,yes
2023,97022,yes
2023,97024,yes
2023,97026,yes
2023,97028,yes
2023,97032,yes
2023,97033,yes
2023,97034,yes
2023,97035,yes
2023,97036,yes
2023,97039,yes
2023,97110,yes
2023,97112,yes
2023,97113,yes
2023,97116,yes
2023,97124,yes
2023,97129,yes
2023,97139,yes
2023,97140,yes
2023,97150,yes
2023,97151,yes
2023,97153,yes
2023,97154,yes
2023,97155,yes
2023,97156,yes
2023,97157,yes
2023,97158,yes
2023,97161,yes
2023,97162,yes
2023,97163,yes
2023,97164,yes
2023,97165,yes
2023,97166,yes
2023,97167,yes
2023,97168,yes
2023,97530,yes
2023,97533,yes
2023,97535,yes
2023,97537,yes
2023,97542,yes
2023,97545,yes
2023,97597,yes
2023,97602,yes
2023,97605,yes
2023,97606,yes
2023,97607,yes
2023,97608,yes
2023,97610,yes
2023,97750,yes
2023,97755,yes
2023,97760,yes
2023,97761,yes
2023,97763,yes
2023,97799,yes
2023,97802,yes
2023,97803,yes
2023,97804,yes
2023,98925,yes
2023,98926,yes
2023,98927,yes
2023,98928,yes
2023,98929,yes
2023,98940,yes
2023,98941,yes
2023,98942,yes
2023,98943,yes
2023,98966,yes
2023,98967,yes
2023,98968,yes
2023,98970,yes
2023,98971,yes
2023,98972,yes
2023,99024,yes
2023,99050,yes
2023,99051,yes
2023,99053,yes
2023,99056,yes
2023,99058,yes
2023,99060,yes
2023,99175,yes
2023,99183,yes
2023,99184,yes
2023,99195,yes
2023,99202,yes
2023,99203,yes
2023,99204,yes
2023,99205,yes
2023,99212,yes
2023,99213,yes
2023,99214,yes
2023,99215,yes
2023,99221,yes
2023,99222,yes
2023,99223,yes
2023,99231,yes
2023,99232,yes
2023,99233,yes
2023,99234,yes
2023,99235,yes
2023,99236,yes
2023,99242,yes
2023,99243,yes
2023,99244,yes
2023,99245,yes
2023,99252,yes
2023,99253,yes
2023,99254,yes
2023,99255,yes
2023,99281,yes
2023,99282,yes
2023,99283,yes
2023,99284,yes
2023,99285,yes
2023,99288,yes
2023,99291,yes
2023,99304,yes
2023,99305,yes
2023,99306,yes
2023,99307,yes
2023,99308,yes
2023,99309,yes
2023,99310,yes
2023,99341,yes
2023,99342,yes
2023,99344,yes
2023,99345,yes
2023,99347,yes
2023,99348,yes
2023,99349,yes
2023,99350,yes
2023,99381,yes
2023,99382,yes
2023,99383,yes
2023,99384,yes
2023,99385,yes
2023,99386,yes
2023,99387,yes
2023,99391,yes
2023,99392,yes
2023,99393,yes
2023,99394,yes
2023,99395,yes
2023,99396,yes
2023,99397,yes
2023,99421,yes
2023,99422,yes
2023,99423,yes
2023,99424,yes
2023,99426,yes
2023,99441,yes
2023,99442,yes
2023,99443,yes
2023,99455,yes
2023,99456,yes
2023,99460,yes
2023,99461,yes
2023,99462,yes
2023,99463,yes
2023,99464,yes
2023,99465,yes
2023,99466,yes
2023,99468,yes
2023,99469,yes
2023,99471,yes
2023,99472,yes
2023,99475,yes
2023,99476,yes
2023,99477,yes
2023,99478,yes
2023,99479,yes
2023,99480,yes
2023,99483,yes
2023,99484,yes
2023,99487,yes
2023,99490,yes
2023,99491,yes
2023,99492,yes
2023,99493,yes
2023,99495,yes
2023,99496,yes
2023,99499,yes
2023,99500,yes
2023,99501,yes
2023,99502,yes
2023,99503,yes
2023,99504,yes
2023,99505,yes
2023,99506,yes
2023,99507,yes
2023,99509,yes
2023,99510,yes
2023,99511,yes
2023,99512,yes
2023,99600,yes
2023,0071T,yes
2023,0072T,yes
2023,0075T,yes
2023,0100T,yes
2023,0101T,yes
2023,0102T,yes
2023,0184T,yes
2023,0200T,yes
2023,0201T,yes
2023,0202T,yes
2023,0207T,yes
2023,0208T,yes
2023,0209T,yes
2023,0210T,yes
2023,0211T,yes
2023,0212T,yes
2023,0213T,yes
2023,0216T,yes
2023,0219T,yes
2023,0220T,yes
2023,0221T,yes
2023,0234T,yes
2023,0235T,yes
2023,0236T,yes
2023,0237T,yes
2023,0238T,yes
2023,0253T,yes
2023,0263T,yes
2023,0264T,yes
2023,0266T,yes
2023,0267T,yes
2023,0268T,yes
2023,0269T,yes
2023,0270T,yes
2023,0271T,yes
2023,0274T,yes
2023,0275T,yes
2023,0278T,yes
2023,0308T,yes
2023,0335T,yes
2023,0338T,yes
2023,0339T,yes
2023,0342T,yes
2023,0345T,yes
2023,0351T,yes
2023,0352T,yes
2023,0353T,yes
2023,0354T,yes
2023,0398T,yes
2023,0402T,yes
2023,0403T,yes
2023,0404T,yes
2023,0408T,yes
2023,0409T,yes
2023,0410T,yes
2023,0411T,yes
2023,0412T,yes
2023,0413T,yes
2023,0414T,yes
2023,0415T,yes
2023,0416T,yes
2023,0417T,yes
2023,0418T,yes
2023,0419T,yes
2023,0420T,yes
2023,0421T,yes
2023,0424T,yes
2023,0425T,yes
2023,0426T,yes
2023,0427T,yes
2023,0428T,yes
2023,0429T,yes
2023,0430T,yes
2023,0431T,yes
2023,0432T,yes
2023,0433T,yes
2023,0434T,yes
2023,0435T,yes
2023,0436T,yes
2023,0440T,yes
2023,0441T,yes
2023,0442T,yes
2023,0444T,yes
2023,0445T,yes
2023,0446T,yes
2023,0447T,yes
2023,0448T,yes
2023,0449T,yes
2023,0464T,yes
2023,0465T,yes
2023,0469T,yes
2023,0472T,yes
2023,0473T,yes
2023,0474T,yes
2023,0479T,yes
2023,0483T,yes
2023,0484T,yes
2023,0485T,yes
2023,0486T,yes
2023,0490T,yes
2023,0499T,yes
2023,0505T,yes
2023,0509T,yes
2023,0510T,yes
2023,0511T,yes
2023,0512T,yes
2023,0515T,yes
2023,0516T,yes
2023,0517T,yes
2023,0518T,yes
2023,0519T,yes
2023,0520T,yes
2023,0521T,yes
2023,0522T,yes
2023,0524T,yes
2023,0525T,yes
2023,0526T,yes
2023,0527T,yes
2023,0528T,yes
2023,0529T,yes
2023,0530T,yes
2023,0531T,yes
2023,0532T,yes
2023,0540T,yes
2023,0543T,yes
2023,0544T,yes
2023,0545T,yes
2023,0552T,yes
2023,0553T,yes
2023,0563T,yes
2023,0566T,yes
2023,0567T,yes
2023,0569T,yes
2023,0571T,yes
2023,0572T,yes
2023,0573T,yes
2023,0574T,yes
2023,0575T,yes
2023,0576T,yes
2023,0577T,yes
2023,0580T,yes
2023,0581T,yes
2023,0582T,yes
2023,0583T,yes
2023,0584T,yes
2023,0585T,yes
2023,0586T,yes
2023,0587T,yes
2023,0588T,yes
2023,0589T,yes
2023,0590T,yes
2023,0594T,yes
2023,0596T,yes
2023,0597T,yes
2023,0600T,yes
2023,0601T,yes
2023,0613T,yes
2023,0614T,yes
2023,0616T,yes
2023,0617T,yes
2023,0618T,yes
2023,0619T,yes
2023,0620T,yes
2023,0621T,yes
2023,0622T,yes
2023,0627T,yes
2023,0629T,yes
2023,0632T,yes
2023,0639T,yes
2023,0643T,yes
2023,0644T,yes
2023,0645T,yes
2023,0646T,yes
2023,0647T,yes
2023,0654T,yes
2023,0655T,yes
2023,0656T,yes
2023,0657T,yes
2023,0660T,yes
2023,0661T,yes
2023,0671T,yes
2023,0672T,yes
2023,0673T,yes
2023,0674T,yes
2023,0675T,yes
2023,0677T,yes
2023,0679T,yes
2023,0680T,yes
2023,0681T,yes
2023,0682T,yes
2023,0683T,yes
2023,0684T,yes
2023,0685T,yes
2023,0686T,yes
2023,0687T,yes
2023,0688T,yes
2023,0692T,yes
2023,0704T,yes
2023,0706T,yes
2023,0707T,yes
2023,0708T,yes
2023,0714T,yes
2023,0718T,yes
2023,0719T,yes
2023,0720T,yes
2023,0725T,yes
2023,0726T,yes
2023,0727T,yes
2023,0728T,yes
2023,0729T,yes
2023,0730T,yes
2023,0732T,yes
2023,0734T,yes
2023,0737T,yes
2023,0739T,yes
2023,0744T,yes
2023,0747T,yes
2023,0748T,yes
2023,0766T,yes
2023,0768T,yes
2023,0775T,yes
2023,0776T,yes
2023,0780T,yes
2023,0781T,yes
2023,0782T,yes
